<?xml version="1.0" encoding="ISO-8859-1"?>
<bsvrsp>
    <header>
        <nombre>corporate_01</nombre>
        <txid>26fe8af8-7bd1-48e4-869f-fa0798b5e1b1</txid>
        <fecha>05122017</fecha>
        <hora>151028</hora>
        <resultado>ok</resultado>
        <aviso>
            <codigo>BGA0009</codigo>
            <mensaje>OK. ALTA EFECTUADA</mensaje>
        </aviso>
    </header>
    <data>
        <ccc>00150501000714288507</ccc>
        <imptini>0000000000100000</imptini>
        <codigo> </codigo>
        <cddivis> </cddivis>
        <observa> </observa>
        <pervtot>D</pervtot>
        <pervton>62</pervton>
        <abointe>V</abointe>
        <tarifa> </tarifa>
        <increme> </increme>
        <tasfin> </tasfin>
        <fecvto>05022018-</fecvto>
        <fchaper> </fchaper>
        <canvto> </canvto>
        <intpend> </intpend>
        <sumqui> </sumqui>
        <indtran> </indtran>
        <ccccarg>00150501000132085688</ccccarg>
        <tastrn> </tastrn>
        <codven>MBR0001</codven>
        <canven>026</canven>
        <tipdoc>04</tipdoc>
        <nrodoc>0000093282248</nrodoc>
        <secdoc> </secdoc>
        <orifon> </orifon>
        <nopcan> </nopcan>
        <cotiza> </cotiza>
        <autoriz> </autoriz>
        <anotado> </anotado>
        <nrocert> </nrocert>
        <msggar> </msggar>
        <coc> </coc>
        <ticket> </ticket>
        <avkyc> </avkyc>
        <nroimposic>6</nroimposic>
        <dirsucu>CAPITAL FEDERAL, 05 DE DICIEMBRE DE 2017</dirsucu>
        <ctaplazo>05010714288507</ctaplazo>
        <titular1>GUZA EMPUMYU NALE I PULLAZ Y</titular1>
        <tipdoc1>DNI</tipdoc1>
        <nrodoc1>0000093282248</nrodoc1>
        <titular2>MULE VAEPLYS JYLYVERCY</titular2>
        <tipdoc2>DNI</tipdoc2>
        <nrodoc2>0000013146174</nrodoc2>
        <direcc>VDA 4 02446</direcc>
        <moneda>PESO</moneda>
        <impo1>MIL TREINTA Y CUATRO CON 48/100</impo1>
        <impo2> </impo2>
        <impdepo>000000000000100000</impdepo>
        <impoint>0000000000000003448</impoint>
        <impsellado>0000000000000000000</impsellado>
        <retgcias>0000000000000000000</retgcias>
        <impmunic>0000000000000000000</impmunic>
        <neto>000000000000103448</neto>
        <tna>0020300</tna>
        <tae>00002208</tae>
        <diasvto>62</diasvto>
        <centro>0187</centro>
        <ctasoc>05010211354856</ctasoc>
        <perliqu>VENCIMIENTO</perliqu>
        <nroopfpa>Tipo Cam</nroopfpa>
        <grossing>0</grossing>
        <uvacapital> </uvacapital>
        <uvabase> </uvabase>
        <tasaref>29,500000</tasaref>
    </data>
</bsvrsp>