<?xml version="1.0" encoding="ISO-8859-1"?>
<bsvrsp>
    <header>
        <resultado>ok</resultado>
        <backend>WSC_BANELCO_CERT</backend>
    </header>
    <data>
        <general>
            <rowset>
                <count>7</count>
                <row>
                    <codigo_empresa/>
                    <codigo_identificacion_deuda/>
                    <cotizacion>0</cotizacion>
                    <descripcion>Transferencia Interbancaria</descripcion>
                    <fecha_hora>2016-06-10T12:27:52-03:00</fecha_hora>
                    <moneda_destino>11</moneda_destino>
                    <moneda_origen>11</moneda_origen>
                    <monto>1</monto>
                    <transaction>471111</transaction>
                    <moneda>32</moneda>
                    <numero_control>0213</numero_control>
                    <numero_cuenta_origen>08150110343256</numero_cuenta_origen>
                    <numero_cuenta_destino>0900000000000600000</numero_cuenta_destino>
                </row>
                <row>
                    <codigo_empresa>MTCR</codigo_empresa>
                    <codigo_identificacion_deuda>5308414094955664</codigo_identificacion_deuda>
                    <cotizacion>0</cotizacion>
                    <descripcion>Pago de Servicios</descripcion>
                    <fecha_hora>2016-07-18T19:15:00-03:00</fecha_hora>
                    <moneda_destino>0</moneda_destino>
                    <moneda_origen>11</moneda_origen>
                    <monto>15</monto>
                    <transaction>571100</transaction>
                    <moneda>32</moneda>
                    <numero_control>4905</numero_control>
                    <numero_cuenta_origen>08150110343256</numero_cuenta_origen>
                    <numero_cuenta_destino/>
                </row>
                <row>
                    <codigo_empresa/>
                    <codigo_identificacion_deuda/>
                    <cotizacion>0</cotizacion>
                    <descripcion>Transferencia Interbancaria</descripcion>
                    <fecha_hora>2017-06-01T14:54:08-03:00</fecha_hora>
                    <moneda_destino>1</moneda_destino>
                    <moneda_origen>11</moneda_origen>
                    <monto>10</monto>
                    <transaction>471101</transaction>
                    <moneda>32</moneda>
                    <numero_control>3008</numero_control>
                    <numero_cuenta_origen>05010110622891</numero_cuenta_origen>
                    <numero_cuenta_destino>0000000086</numero_cuenta_destino>
                </row>
                <row>
                    <codigo_empresa/>
                    <codigo_identificacion_deuda/>
                    <cotizacion>0</cotizacion>
                    <descripcion>Transferencia Interbancaria</descripcion>
                    <fecha_hora>2017-06-01T15:01:31-03:00</fecha_hora>
                    <moneda_destino>1</moneda_destino>
                    <moneda_origen>11</moneda_origen>
                    <monto>101</monto>
                    <transaction>471101</transaction>
                    <moneda>32</moneda>
                    <numero_control>2137</numero_control>
                    <numero_cuenta_origen>05010110622891</numero_cuenta_origen>
                    <numero_cuenta_destino>0000000086</numero_cuenta_destino>
                </row>
                <row>
                    <codigo_empresa/>
                    <codigo_identificacion_deuda/>
                    <cotizacion>0</cotizacion>
                    <descripcion>Transferencia Interbancaria</descripcion>
                    <fecha_hora>2017-06-01T15:22:50-03:00</fecha_hora>
                    <moneda_destino>11</moneda_destino>
                    <moneda_origen>11</moneda_origen>
                    <monto>77</monto>
                    <transaction>471111</transaction>
                    <moneda>32</moneda>
                    <numero_control>0021</numero_control>
                    <numero_cuenta_origen>05010110622891</numero_cuenta_origen>
                    <numero_cuenta_destino>05010133371323</numero_cuenta_destino>
                </row>
                <row>
                    <codigo_empresa/>
                    <codigo_identificacion_deuda/>
                    <cotizacion>0</cotizacion>
                    <descripcion>Transferencia Interbancaria</descripcion>
                    <fecha_hora>2017-06-01T15:25:47-03:00</fecha_hora>
                    <moneda_destino>11</moneda_destino>
                    <moneda_origen>1</moneda_origen>
                    <monto>79</monto>
                    <transaction>470111</transaction>
                    <moneda>32</moneda>
                    <numero_control>2521</numero_control>
                    <numero_cuenta_origen>05110210411211</numero_cuenta_origen>
                    <numero_cuenta_destino>05010110622891</numero_cuenta_destino>
                </row>
                <row>
                    <codigo_empresa/>
                    <codigo_identificacion_deuda/>
                    <cotizacion>0</cotizacion>
                    <descripcion/>
                    <fecha_hora/>
                    <moneda_destino>0</moneda_destino>
                    <moneda_origen>0</moneda_origen>
                    <monto>0</monto>
                    <transaction/>
                    <moneda/>
                    <numero_control/>
                    <numero_cuenta_origen/>
                    <numero_cuenta_destino/>
                </row>
            </rowset>
        </general>
    </data>
</bsvrsp>