<bsvrsp>
    <header>
        <nombre>corporate_01</nombre>
        <fecha>23042018</fecha>
        <hora>113323</hora>
        <resultado>ok</resultado>
    </header>
    <data>
        <campania>
            <rowset>
                <count>4</count>
				<row>
                    <campa_nro_campania>0100800</campa_nro_campania>
                    <campa_cod_categoria>72</campa_cod_categoria>
                    <campa_desc_categoria>ONC-OFERTA TARJ MAST</campa_desc_categoria>
                    <campa_id_cliente>00108570</campa_id_cliente>
                    <campa_monto_minimo>0000010000000</campa_monto_minimo>
                    <campa_monto_maximo>0000015000000</campa_monto_maximo>
                    <campa_saldo_disponible>000001500000{</campa_saldo_disponible>
                    <campa_cod_producto>61</campa_cod_producto>
                    <campa_desc_producto>TARJETA MASTERCARD</campa_desc_producto>
                    <campa_moneda>ARP</campa_moneda>
                    <campa_tipo_amortiz>F</campa_tipo_amortiz>
                    <campa_tipo_tasa>F</campa_tipo_tasa>
                    <campa_plazo_gracia>090</campa_plazo_gracia>
                    <campa_cod_agrupador> </campa_cod_agrupador>
                    <campa_desc_agrupador> </campa_desc_agrupador>
                    <campa_cuota_maxima>0000001030000</campa_cuota_maxima>
                    <campa_entidad>0015</campa_entidad>
                    <campa_centro>0501</campa_centro>
                    <campa_cuenta>0100880774</campa_cuenta>
                    <campa_budget>0501</campa_budget>
                    <campa_tipo_tarj>4</campa_tipo_tarj>
                    <campa_grupo_afin>5217</campa_grupo_afin>
                    <campa_modelo_liq>EXBL</campa_modelo_liq>
                    <campa_modelo_aut>0</campa_modelo_aut>
                    <campa_observaciones>11CG20A</campa_observaciones>
                </row>
                <row>
                    <campa_nro_campania>0100933</campa_nro_campania>
                    <campa_cod_categoria>72</campa_cod_categoria>
                    <campa_desc_categoria>ONC-OFERTA TARJ MAST</campa_desc_categoria>
                    <campa_id_cliente>00108570</campa_id_cliente>
                    <campa_monto_minimo>0000010000000</campa_monto_minimo>
                    <campa_monto_maximo>0000015000000</campa_monto_maximo>
                    <campa_saldo_disponible>000001500000{</campa_saldo_disponible>
                    <campa_cod_producto>61</campa_cod_producto>
                    <campa_desc_producto>TARJETA MASTERCARD</campa_desc_producto>
                    <campa_moneda>ARP</campa_moneda>
                    <campa_tipo_amortiz>F</campa_tipo_amortiz>
                    <campa_tipo_tasa>F</campa_tipo_tasa>
                    <campa_plazo_gracia>090</campa_plazo_gracia>
                    <campa_cod_agrupador> </campa_cod_agrupador>
                    <campa_desc_agrupador> </campa_desc_agrupador>
                    <campa_cuota_maxima>0000001030000</campa_cuota_maxima>
                    <campa_entidad>0015</campa_entidad>
                    <campa_centro>0501</campa_centro>
                    <campa_cuenta>0100880774</campa_cuenta>
                    <campa_budget>0501</campa_budget>
                    <campa_tipo_tarj>4</campa_tipo_tarj>
                    <campa_grupo_afin>5217</campa_grupo_afin>
                    <campa_modelo_liq>EXBL</campa_modelo_liq>
                    <campa_modelo_aut>0</campa_modelo_aut>
                    <campa_observaciones>11CG20A</campa_observaciones>
                </row>
                <row>
                    <campa_nro_campania>0100936</campa_nro_campania>
                    <campa_cod_categoria>73</campa_cod_categoria>
                    <campa_desc_categoria>ONC-OFERT UPGRADE VI</campa_desc_categoria>
                    <campa_id_cliente>00392421</campa_id_cliente>
                    <campa_monto_minimo>0000000100000</campa_monto_minimo>
                    <campa_monto_maximo>0000002880000</campa_monto_maximo>
                    <campa_saldo_disponible>000000288000{</campa_saldo_disponible>
                    <campa_cod_producto>39</campa_cod_producto>
                    <campa_desc_producto>MODIFIC. LIMITE TARJETA V</campa_desc_producto>
                    <campa_moneda>ARP</campa_moneda>
                    <campa_tipo_amortiz>F</campa_tipo_amortiz>
                    <campa_tipo_tasa>F</campa_tipo_tasa>
                    <campa_plazo_gracia>090</campa_plazo_gracia>
                    <campa_cod_agrupador> </campa_cod_agrupador>
                    <campa_desc_agrupador> </campa_desc_agrupador>
                    <campa_cuota_maxima>0000000185632</campa_cuota_maxima>
                    <campa_entidad>0015</campa_entidad>
                    <campa_centro>0501</campa_centro>
                    <campa_cuenta>0100880774</campa_cuenta>
                    <campa_budget>0501</campa_budget>
                    <campa_tipo_tarj>4</campa_tipo_tarj>
                    <campa_grupo_afin> </campa_grupo_afin>
                    <campa_modelo_liq> </campa_modelo_liq>
                    <campa_modelo_aut>0</campa_modelo_aut>
                    <campa_observaciones>      A 1</campa_observaciones>
                </row>
                <row>
                    <campa_nro_campania>0100932</campa_nro_campania>
                    <campa_cod_categoria>70</campa_cod_categoria>
                    <campa_desc_categoria>ONC- OFERTA DE PP</campa_desc_categoria>
                    <campa_id_cliente>00332979</campa_id_cliente>
                    <campa_monto_minimo>0000001000000</campa_monto_minimo>
                    <campa_monto_maximo>0000024700000</campa_monto_maximo>
                    <campa_saldo_disponible>000002470000{</campa_saldo_disponible>
                    <campa_cod_producto>41</campa_cod_producto>
                    <campa_desc_producto>PRESTAMOS PERSONAL $</campa_desc_producto>
                    <campa_moneda>ARP</campa_moneda>
                    <campa_tipo_amortiz>F</campa_tipo_amortiz>
                    <campa_tipo_tasa>F</campa_tipo_tasa>
                    <campa_plazo_gracia>000</campa_plazo_gracia>
                    <campa_cod_agrupador> </campa_cod_agrupador>
                    <campa_desc_agrupador> </campa_desc_agrupador>
                    <campa_cuota_maxima>0000001030000</campa_cuota_maxima>
                    <campa_entidad>0015</campa_entidad>
                    <campa_centro>0501</campa_centro>
                    <campa_cuenta>0100880774</campa_cuenta>
                    <campa_budget>0501</campa_budget>
                    <campa_tipo_tarj> </campa_tipo_tarj>
                    <campa_grupo_afin> </campa_grupo_afin>
                    <campa_modelo_liq> </campa_modelo_liq>
                    <campa_modelo_aut> </campa_modelo_aut>
                    <campa_observaciones>      A</campa_observaciones>
                </row>
            </rowset>
        </campania>
    </data>
</bsvrsp>