<?xml version="1.0" encoding="ISO-8859-1"?>
<bsvrsp>
    <header>
        <nombre>corporate_01</nombre>
        <txid>b0e15f74f578463fabbd8402d4e1c76c</txid>
        <fecha>16112018</fecha>
        <hora>085225</hora>
        <resultado>ok</resultado>
        <aviso>
            <codigo>BGA1203</codigo>
            <mensaje>OK. SIMULACION EFECTUADA.</mensaje>
        </aviso>
    </header>
    <data>
        <nroimpo>25</nroimpo>
        <fecpob>CAPITAL FEDERAL, 16 DE NOVIEMBRE DE 2018</fecpob>
        <lugarpago>SUCURSAL CENTRO</lugarpago>
        <titulo>SIMULACION DE PLAZO FIJO NO VALIDO COMO COMPROBANTE</titulo>
        <ccc_sal>0511/07105762/44</ccc_sal>
        <titular1>GRACIELA ROSALIA AGOSTINO</titular1>
        <titular2> </titular2>
        <tipdoc_tit1>DNI</tipdoc_tit1>
        <tipdoc_tit2> </tipdoc_tit2>
        <nrodoc_tit1>0000025314948</nrodoc_tit1>
        <nrodoc_tit2> </nrodoc_tit2>
        <domicilio><![CDATA[MALVAD?b�A NU?jEZ 3500 12312 12 12]]></domicilio>
        <moneda>PESO</moneda>
        <implet1>DOS MIL OCHENTA Y SEIS CON 96/100</implet1>
        <implet2> </implet2>
        <impt_depo>2.000,00</impt_depo>
        <impt_inte>86,96</impt_inte>
        <sellado>0,00</sellado>
        <impuesto>0,00</impuesto>
        <tasa_muni>0,00</tasa_muni>
        <neto_cobra>2.086,96</neto_cobra>
        <tna>26,45</tna>
        <tea>29,55</tea>
        <diavto>60</diavto>
        <uvabase> </uvabase>
        <fecvto_sal>15-01-2019</fecvto_sal>
        <costo>0187</costo>
        <leyend4>Intransferible</leyend4>
        <sumqui_sal> </sumqui_sal>
        <tasaref>55,146000</tasaref>
        <leyend5> </leyend5>
        <uvacapital> </uvacapital>
        <cond4> </cond4>
        <cccaso>0501/01349182/00</cccaso>
        <leyend1> </leyend1>
        <leyend2> </leyend2>
        <cond1> </cond1>
        <perliq>VENCIMIENTO</perliq>
        <nopcan_sal> </nopcan_sal>
        <grossup> </grossup>
        <nromov> </nromov>
        <nromo> </nromo>
        <cond3> </cond3>
        <cotiza_sal> </cotiza_sal>
        <cond2> </cond2>
    </data>
</bsvrsp>