<?xml version="1.0" encoding="ISO-8859-1"?>
<bsvrsp>
    <header>
        <nombre>intra_01</nombre>
        <txid>144b90adc015437e95b18a38866deef5</txid>
        <fecha>15032019</fecha>
        <hora>114812</hora>
        <resultado>ok</resultado>
        <aviso>
            <codigo>QCA0005</codigo>
            <mensaje>MENSAJE        1 ES AVISO Y SE MANDA COMO ERROR. AVISEN AL CPD.</mensaje>
        </aviso>
    </header>
    <data>
        <userid>TS7CATR0</userid>
        <modo>MTA</modo>
        <noperac>000689005L001</noperac>
        <product>TR</product>
        <numclie>00016229</numclie>
        <cptbcr1>5007</cptbcr1>
        <proveed>0000000000</proveed>
        <mercado>05</mercado>
        <tramts>000000000</tramts>
        <tiptram> </tiptram>
        <nro_min> </nro_min>
        <taskid>0000000000</taskid>
        <centror>0026</centror>
        <imporig>00000000000000000</imporig>
        <monedor> </monedor>
        <impoper>00000000000000100</impoper>
        <monedop>02</monedop>
        <tipvalo>H</tipvalo>
        <puestnp>P</puestnp>
        <valnorm>00</valnorm>
        <canal>ACC</canal>
        <succan>0000</succan>
        <ntramit>000000000</ntramit>
        <indgast>N</indgast>
        <cgastos>O</cgastos>
        <neteo>N</neteo>
        <inds202>N</inds202>
        <oprrel1> </oprrel1>
        <impopr1>00000000000000000</impopr1>
        <oprrel2> </oprrel2>
        <impopr2>00000000000000000</impopr2>
        <oprrel3> </oprrel3>
        <impopr3>00000000000000000</impopr3>
        <oprrel4> </oprrel4>
        <impopr4>00000000000000000</impopr4>
        <oprrel5> </oprrel5>
        <impopr5>00000000000000000</impopr5>
        <imagen>S</imagen>
        <idmtk>00000000000000000</idmtk>
        <fec3602> </fec3602>
        <docdesp>N</docdesp>
        <cir4834> </cir4834>
        <tipodoc>04</tipodoc>
        <nrodoc>25314948</nrodoc>
        <fecserv>0001-01-01</fecserv>
        <refacc>1</refacc>
        <gangrav>N</gangrav>
        <ganret>N</ganret>
        <sicore>N</sicore>
        <docsico>N</docsico>
        <congan> </congan>
        <indgan> </indgan>
        <acargo> </acargo>
        <certinp>N</certinp>
        <marccdi>N</marccdi>
        <paiscdi>000</paiscdi>
        <leycdi> </leycdi>
        <porcret>000000</porcret>
        <basegan>00000000000000100</basegan>
        <paisser>000</paisser>
        <paisuso>000</paisuso>
        <paisseg>000</paisseg>
        <ivagrav>N</ivagrav>
        <ivaret>N</ivaret>
        <baseiva>00000000000000100</baseiva>
        <aliciva>000000</aliciva>
        <impiva>00000000000000000</impiva>
        <reasegu>N</reasegu>
        <modbase>N</modbase>
        <cevento>022</cevento>
        <csubpro>L</csubpro>
        <monto>00000000000000000</monto>
        <imptoco>00000000000329510</imptoco>
        <cptcom1>0008</cptcom1>
        <descpt1>SWIFT</descpt1>
        <oricom1>CATALOGO GENERAL</oricom1>
        <moned1>02</moned1>
        <impcom1>00000000000003000</impcom1>
        <bonif1>N</bonif1>
        <cptcom2>0080</cptcom2>
        <descpt2>NO NEGOCIACION DE DIVISAS</descpt2>
        <oricom2>CTL.ESPECIAL P/ORGBKB</oricom2>
        <moned2>02</moned2>
        <impcom2>00000000000001000</impcom2>
        <bonif2>N</bonif2>
        <cptcom3>0096</cptcom3>
        <descpt3>COMISION GENERAL GIROS/TRANS</descpt3>
        <oricom3>CTL.ESPECIAL P/ORGBKB</oricom3>
        <moned3>02</moned3>
        <impcom3>00000000000001000</impcom3>
        <bonif3>N</bonif3>
        <cptcom4>0118</cptcom4>
        <descpt4>FORMULARIO CIERRE DE CAMBIO</descpt4>
        <oricom4>CATALOGO GENERAL</oricom4>
        <moned4>02</moned4>
        <impcom4>00000000000000300</impcom4>
        <bonif4>N</bonif4>
        <cptcom5>0143</cptcom5>
        <descpt5>GASTOS BANCO CORRESPONSAL</descpt5>
        <oricom5>CATALOGO GENERAL</oricom5>
        <moned5>02</moned5>
        <impcom5>00000000000003000</impcom5>
        <bonif5>N</bonif5>
        <cptcom6>0000</cptcom6>
        <descpt6> </descpt6>
        <oricom6> </oricom6>
        <moned6>00</moned6>
        <impcom6>00000000000000000</impcom6>
        <bonif6> </bonif6>
        <cptcom7>0000</cptcom7>
        <descpt7> </descpt7>
        <oricom7> </oricom7>
        <moned7>00</moned7>
        <impcom7>00000000000000000</impcom7>
        <bonif7> </bonif7>
        <cptcom8>0000</cptcom8>
        <descpt8> </descpt8>
        <oricom8> </oricom8>
        <moned8>00</moned8>
        <impcom8>00000000000000000</impcom8>
        <bonif8> </bonif8>
        <ctagast> </ctagast>
        <boleto> </boleto>
        <nrocert>00000000000</nrocert>
        <contapl>000</contapl>
        <secddf1>03</secddf1>
        <debcre1>DE</debcre1>
        <destin1>C</destin1>
        <forma1>CT</forma1>
        <moneda1>02</moneda1>
        <compro1>001505111110343466</compro1>
        <sucofi1>0000</sucofi1>
        <impori1>00000000000000100</impori1>
        <infadi1> </infadi1>
        <secddf2>04</secddf2>
        <debcre2>DE</debcre2>
        <destin2>G</destin2>
        <forma2>CT</forma2>
        <moneda2>02</moneda2>
        <compro2>001505111110343466</compro2>
        <sucofi2>0000</sucofi2>
        <impori2>00000000000431658</impori2>
        <infadi2> </infadi2>
        <secddf3>05</secddf3>
        <debcre3>CR</debcre3>
        <destin3>C</destin3>
        <forma3>CE</forma3>
        <moneda3>80</moneda3>
        <compro3> </compro3>
        <sucofi3>0000</sucofi3>
        <impori3>00000000000000000</impori3>
        <infadi3> </infadi3>
        <secddf4>00</secddf4>
        <debcre4> </debcre4>
        <destin4> </destin4>
        <forma4> </forma4>
        <moneda4> </moneda4>
        <compro4> </compro4>
        <sucofi4>0000</sucofi4>
        <impori4>00000000000000000</impori4>
        <infadi4> </infadi4>
        <secddf5>00</secddf5>
        <debcre5> </debcre5>
        <destin5> </destin5>
        <forma5> </forma5>
        <moneda5> </moneda5>
        <compro5> </compro5>
        <sucofi5>0000</sucofi5>
        <impori5>00000000000000000</impori5>
        <infadi5> </infadi5>
        <secddf6>00</secddf6>
        <debcre6> </debcre6>
        <destin6> </destin6>
        <forma6> </forma6>
        <moneda6> </moneda6>
        <compro6> </compro6>
        <sucofi6>0000</sucofi6>
        <impori6>00000000000000000</impori6>
        <infadi6> </infadi6>
        <flgsddf> </flgsddf>
        <cptbcr2>0000</cptbcr2>
        <cptbcr3>0000</cptbcr3>
        <cptbcr4>0000</cptbcr4>
        <cptbcr5>0000</cptbcr5>
        <cptbcr6>0000</cptbcr6>
        <cptbcr7>0000</cptbcr7>
        <cptbcr8>0000</cptbcr8>
        <tipous1> </tipous1>
        <tipous2> </tipous2>
        <tipous3> </tipous3>
        <tipous4> </tipous4>
        <tipous5> </tipous5>
        <tipous6> </tipous6>
        <tipous7> </tipous7>
        <tipous8> </tipous8>
        <cptafi1>0000</cptafi1>
        <cptafi2>0000</cptafi2>
        <cptafi3>0000</cptafi3>
        <cptafi4>0000</cptafi4>
        <cptafi5>0000</cptafi5>
        <cptasoc>5010</cptasoc>
        <import1>00000000000000100</import1>
        <import2>00000000000000000</import2>
        <import3>00000000000000000</import3>
        <import4>00000000000000000</import4>
        <import5>00000000000000000</import5>
        <import6>00000000000000000</import6>
        <import7>00000000000000000</import7>
        <import8>00000000000000000</import8>
        <boleto1>000000000</boleto1>
        <boleto2>000000000</boleto2>
        <boleto3>000000000</boleto3>
        <boleto4>000000000</boleto4>
        <boleto5>000000000</boleto5>
        <boleto6>000000000</boleto6>
        <boleto7>000000000</boleto7>
        <boleto8>000000000</boleto8>
        <minuta1>00000000</minuta1>
        <minuta2>00000000</minuta2>
        <minuta3>00000000</minuta3>
        <minuta4>00000000</minuta4>
        <minuta5>00000000</minuta5>
        <minuta6>00000000</minuta6>
        <minuta7>00000000</minuta7>
        <minuta8>00000000</minuta8>
        <cotiza1> </cotiza1>
        <cotiza2> </cotiza2>
        <cotiza3> </cotiza3>
        <cotiza4> </cotiza4>
        <cotiza5> </cotiza5>
        <cotiza6> </cotiza6>
        <cotiza7> </cotiza7>
        <cotiza8> </cotiza8>
        <scmesa> </scmesa>
        <codvinc>SCOT</codvinc>
        <feccotu>0001-01-01</feccotu>
        <feccotc>2018-10-01</feccotc>
        <nombre>Zurano</nombre>
        <fisjur>F</fisjur>
        <direcci>Loma DEL OR</direcci>
        <localid> </localid>
        <cpostal> </cpostal>
        <provinc> </provinc>
        <pais>100</pais>
        <ctaben>1234565577</ctaben>
        <codiban>EL7A0NOSEOLVIDAMAS</codiban>
        <nswrec>Banco de suplentes, Capital Federal</nswrec>
        <swftrec> </swftrec>
        <nswint>NO GUARDA, metralleta</nswint>
        <swftint> </swftint>
        <swftcor> </swftcor>
        <emifact> </emifact>
        <paisfac> </paisfac>
        <nombre1> </nombre1>
        <abarec> </abarec>
        <abaint> </abaint>
        <nswrec1> </nswrec1>
        <nswint1> </nswint1>
        <nif> </nif>
        <tipdocb>00</tipdocb>
        <nrodocb> </nrodocb>
        <paisdoc> </paisdoc>
        <nacion>000</nacion>
        <paisnac>000</paisnac>
        <paistri>000</paistri>
        <paisrec>507</paisrec>
        <fecnac>0001-01-01</fecnac>
        <cdi>00000000000</cdi>
        <repres> </repres>
        <cuitrep>00000000000</cuitrep>
        <nswemi> </nswemi>
        <swftemi> </swftemi>
        <nswavi> </nswavi>
        <swftavi> </swftavi>
        <abaavi> </abaavi>
        <nswnom> </nswnom>
        <swftnom> </swftnom>
        <abanom> </abanom>
        <desnom> </desnom>
        <nswrem> </nswrem>
        <swftrem> </swftrem>
        <abaemi> </abaemi>
        <abarem> </abarem>
        <telefon> </telefon>
        <fax> </fax>
        <refpago>1</refpago>
        <paisint>086</paisint>
        <altainp>N</altainp>
        <servpre> </servpre>
    </data>
</bsvrsp>