<?xml version="1.0" encoding="ISO-8859-1"?>
<bsvrsp>
    <header>
        <nombre>corporate_01</nombre>
        <fecha>21012019</fecha>
        <hora>155938</hora>
        <resultado>ok</resultado>
        <aviso>
            <codigo>PRA0029</codigo>
            <mensaje>EL CLIENTE 05332780 NO SE ENCUENTRA ADHERIDO A VALUE CHOICES</mensaje>
        </aviso>
    </header>
    <data>
        <opcion> </opcion>
        <cliente> </cliente>
        <tramite> </tramite>
        <estado> </estado>
        <puntos>0</puntos>
        <fecbloq> </fecbloq>
        <fecmora> </fecmora>
        <fecvto> </fecvto>
        <fecadh> </fecadh>
        <codest> </codest>
    </data>
</bsvrsp>