<?xml version="1.0" encoding="ISO-8859-1"?>
<bsvrsp>
    <header>
        <nombre>corporate_01</nombre>
        <txid>02a9b170f6a2477cad71e1aa5797eb63</txid>
        <fecha>25032019</fecha>
        <hora>124224</hora>
        <resultado>ok</resultado>
        <aviso>
            <codigo>BGA0009</codigo>
            <mensaje>OK. ALTA EFECTUADA</mensaje>
        </aviso>
    </header>
    <data>
        <ccc>00150501000714800500</ccc>
        <imptini>0000000000100000</imptini>
        <codigo> </codigo>
        <cddivis> </cddivis>
        <observa> </observa>
        <pervtot>D</pervtot>
        <pervton>30</pervton>
        <abointe>V</abointe>
        <tarifa> </tarifa>
        <increme> </increme>
        <tasfin> </tasfin>
        <fecvto>24042019-</fecvto>
        <fchaper> </fchaper>
        <canvto> </canvto>
        <intpend> </intpend>
        <sumqui> </sumqui>
        <indtran> </indtran>
        <ccccarg>00150501000110622891</ccccarg>
        <tastrn> </tastrn>
        <codven>5310</codven>
        <canven>140</canven>
        <tipdoc>04</tipdoc>
        <nrodoc>0000025314948</nrodoc>
        <secdoc> </secdoc>
        <orifon> </orifon>
        <nopcan> </nopcan>
        <cotiza> </cotiza>
        <autoriz> </autoriz>
        <anotado> </anotado>
        <nrocert> </nrocert>
        <msggar> </msggar>
        <coc> </coc>
        <ticket> </ticket>
        <avkyc> </avkyc>
        <nroimposic>27</nroimposic>
        <dirsucu>CAPITAL FEDERAL, 25 DE MARZO DE 2019</dirsucu>
        <ctaplazo>05010714800500</ctaplazo>
        <titular1>GRACIELA ROSALIA AGOSTINO</titular1>
        <tipdoc1>DNI</tipdoc1>
        <nrodoc1>0000025314948</nrodoc1>
        <titular2> </titular2>
        <tipdoc2> </tipdoc2>
        <nrodoc2> </nrodoc2>
        <direcc>GRAL MANUEL BELGRANO 00174</direcc>
        <moneda>PESO</moneda>
        <impo1>MIL CUARENTA CON 27/100</impo1>
        <impo2> </impo2>
        <impdepo>000000000000100000</impdepo>
        <impoint>0000000000000004027</impoint>
        <impsellado>0000000000000000000</impsellado>
        <retgcias>0000000000000000000</retgcias>
        <impmunic>0000000000000000000</impmunic>
        <neto>000000000000104027</neto>
        <tna>00004900</tna>
        <tae>00006167</tae>
        <diasvto>30</diasvto>
        <centro>0187</centro>
        <ctasoc>05010110622891</ctasoc>
        <perliqu>VENCIMIENTO</perliqu>
        <nroopfpa>Tipo Cam</nroopfpa>
        <grossing>0</grossing>
        <uvacapital> </uvacapital>
        <uvabase> </uvabase>
        <tasaref>17,250000</tasaref>
        <garantia>* DEPOSITO SIN GARANTIA *</garantia>
    </data>
</bsvrsp>