<?xml version="1.0" encoding="ISO-8859-1"?>
<bsvrsp>
    <header>
        <nombre>corporate_02</nombre>
        <txid>a72e40a6d0de4ec5ae7075566858aec7</txid>
        <fecha>14032019</fecha>
        <hora>180552</hora>
        <resultado>ok</resultado>
    </header>
    <data>
        <ccc>00150501000714802188</ccc>
        <primimpos> </primimpos>
        <ultimp> </ultimp>
        <cancel> </cancel>
        <papel> </papel>
        <ccceditada>0501/07148021/88</ccceditada>
        <codmoneda>ARP</codmoneda>
        <moneda>PESO</moneda>
        <ctaasociad>0501/01106228/91</ctaasociad>
        <ctachoice> </ctachoice>
        <fchaadhes> </fchaadhes>
        <cteadherido> </cteadherido>
        <dni> </dni>
        <nombre> </nombre>
        <general>
            <rowset>
                <count>5</count>
                <row>
                    <imposic>1</imposic>
                    <situac>ACT</situac>
                    <importe>0000001.000,00</importe>
                    <fecalta>190219</fecalta>
                    <fecvto>210319</fecvto>
                    <fecha_canc> </fecha_canc>
                    <tasa>49,00</tasa>
                    <frecliq>VENCI</frecliq>
                    <plazo>30</plazo>
                    <tarvig>1</tarvig>
                    <incvig>0,00</incvig>
                    <interes>000040,27</interes>
                    <certif>0</certif>
                </row>
                <row>
                    <imposic>2</imposic>
                    <situac>ACT</situac>
                    <importe>0000308.510,99</importe>
                    <fecalta>120319</fecalta>
                    <fecvto>130519</fecvto>
                    <fecha_canc> </fecha_canc>
                    <tasa>49,70</tasa>
                    <frecliq>VENCI</frecliq>
                    <plazo>62</plazo>
                    <tarvig>1</tarvig>
                    <incvig>0,00</incvig>
                    <interes>26.045,09</interes>
                    <certif>0</certif>
                </row>
                <row>
                    <imposic>4</imposic>
                    <situac>ACT</situac>
                    <importe>0000001.200,00</importe>
                    <fecalta>120319</fecalta>
                    <fecvto>130519</fecvto>
                    <fecha_canc> </fecha_canc>
                    <tasa>49,70</tasa>
                    <frecliq>VENCI</frecliq>
                    <plazo>62</plazo>
                    <tarvig>1</tarvig>
                    <incvig>0,00</incvig>
                    <interes>000101,31</interes>
                    <certif>0</certif>
                </row>
                <row>
                    <imposic>5</imposic>
                    <situac>ACT</situac>
                    <importe>0000001.000,00</importe>
                    <fecalta>130319</fecalta>
                    <fecvto>110619</fecvto>
                    <fecha_canc> </fecha_canc>
                    <tasa>48,10</tasa>
                    <frecliq>VENCI</frecliq>
                    <plazo>90</plazo>
                    <tarvig>1</tarvig>
                    <incvig>0,00</incvig>
                    <interes>000118,60</interes>
                    <certif>0</certif>
                </row>
                <row>
                    <imposic>3</imposic>
                    <situac>ACT</situac>
                    <importe>0000001.000,00</importe>
                    <fecalta>120319</fecalta>
                    <fecvto>300919</fecvto>
                    <fecha_canc> </fecha_canc>
                    <tasa>53,85</tasa>
                    <frecliq>VENCI</frecliq>
                    <plazo>202</plazo>
                    <tarvig>1</tarvig>
                    <incvig>0,00</incvig>
                    <interes>000298,02</interes>
                    <certif>0</certif>
                </row>
            </rowset>
        </general>
    </data>
</bsvrsp>