<?xml version="1.0" encoding="ISO-8859-1"?>
<bsvrsp>
    <header>
        <nombre>corporate_01</nombre>
        <txid>770bd2c6df5a46b8bb223ea49eadc505</txid>
        <fecha>22012019</fecha>
        <hora>150822</hora>
        <resultado>ok</resultado>
        <aviso>
            <codigo>BGA0000</codigo>
            <mensaje>CUENTA SIN IMPOSICIONES</mensaje>
        </aviso>
    </header>
    <data>
        <ccc>00150501000712629433</ccc>
        <ccceditada> </ccceditada>
        <codmoneda> </codmoneda>
        <moneda> </moneda>
        <ctaasociad> </ctaasociad>
        <ctachoice> </ctachoice>
        <fchaadhes> </fchaadhes>
        <cteadherido> </cteadherido>
        <dni> </dni>
        <nombre> </nombre>
    </data>
</bsvrsp>