<?xml version="1.0" encoding="ISO-8859-1"?>
<bsvrsp>
    <header>
        <nombre>retail_15</nombre>
        <fecha>04022019</fecha>
        <hora>113427</hora>
        <resultado>ok</resultado>
    </header>
    <data>
        <ccc>0501/07115649/37</ccc>
        <producto>07</producto>
        <subproducto>0001</subproducto>
        <descproducto>PLAZO FIJO EN PESOS</descproducto>
        <ctaasoc> </ctaasoc>
        <codmoneda>ARP</codmoneda>
        <moneda>PESO</moneda>
        <rubro> </rubro>
        <titular>SANTIAGO VICTOR ZURANO</titular>
        <tipodoc>DNI</tipodoc>
        <nrodoc>0000028806140</nrodoc>
        <codtitularidad>301</codtitularidad>
        <titularidad>PERS. FISICA - RESIDENTE</titularidad>
        <codorganizacion>006</codorganizacion>
        <organizacion>EMPLEADOS SB</organizacion>
        <codsegmento>RAE</codsegmento>
        <segmento>ALTOS INGRESOS EXCLUSIVE EMPLEADOS</segmento>
        <domicilio>PRES HIPOLITO YRIGOYEN 00439</domicilio>
        <codpostal>2752</codpostal>
        <localidad>CAP.SARMIENTO</localidad>
        <empresa> </empresa>
        <minibanco> </minibanco>
        <nrooficial>00027</nrooficial>
        <nombreoficial>CASTIGLIONE MARIA TERESA</nombreoficial>
        <saldo>4.885,49</saldo>
        <saldodisp>4.885,49</saldodisp>
        <saldocontable>0,00</saldocontable>
        <limite>0,00</limite>
        <estado>ACTIVA</estado>
        <oficinagestora>0015</oficinagestora>
        <sucursalgestora>0501</sucursalgestora>
        <fechaapert>11-02-2011</fechaapert>
        <disponibilidad>INDIVIDUAL</disponibilidad>
        <situacion>NORMAL</situacion>
        <ctachoice>S</ctachoice>
        <cteadherido>02080241</cteadherido>
        <fchaadhesion> </fchaadhesion>
        <dni>0028806140</dni>
        <nombre>SANTIAGO VICTOR ZURANO</nombre>
        <codtarifa> </codtarifa>
        <tarifa> </tarifa>
        <fechainicdesc> </fechainicdesc>
        <excautoriz> </excautoriz>
        <excventanilla> </excventanilla>
        <excdomicil> </excdomicil>
        <exccajero> </exccajero>
        <exccompras> </exccompras>
        <mcodorganizacion>006</mcodorganizacion>
        <mcodsegmento>RAE</mcodsegmento>
    </data>
</bsvrsp>
