<?xml version="1.0" encoding="ISO-8859-1"?>
<bsvrsp>
    <header>
        <nombre>corporate_01</nombre>
        <fecha>14032019</fecha>
        <hora>100208</hora>
        <resultado>ok</resultado>
    </header>
    <data>
        <ccc>0501/07147965/39</ccc>
        <producto>07</producto>
        <subproducto>0002</subproducto>
        <descproducto>PLAZO FIJO RENTA $</descproducto>
        <ctaasoc>0511/02104112/11</ctaasoc>
        <codmoneda>ARP</codmoneda>
        <moneda>PESO</moneda>
        <rubro> </rubro>
        <titular>GRACIELA ROSALIA AGOSTINO</titular>
        <tipodoc>DNI</tipodoc>
        <nrodoc>0000025314948</nrodoc>
        <codtitularidad>301</codtitularidad>
        <titularidad>PERS. FISICA - RESIDENTE</titularidad>
        <codorganizacion>002</codorganizacion>
        <organizacion>SERVICIOS DIRECT</organizacion>
        <codsegmento>DWE</codsegmento>
        <segmento>ALTOS/MEDIOS INGRESOS EXCLUSIVE S.D.</segmento>
        <domicilio>GRAL MANUEL BELGRANO 00174</domicilio>
        <codpostal>8300</codpostal>
        <localidad>NEUQUEN</localidad>
        <empresa> </empresa>
        <minibanco> </minibanco>
        <nrooficial>00682</nrooficial>
        <nombreoficial>CHIARIZIA ANA MARIA (OE BARRACAS)</nombreoficial>
        <saldo>873.609,21</saldo>
        <saldodisp>873.609,21</saldodisp>
        <saldocontable>0,00</saldocontable>
        <limite>0,00</limite>
        <estado>ACTIVA</estado>
        <oficinagestora>0015</oficinagestora>
        <sucursalgestora>0501</sucursalgestora>
        <fechaapert>05-12-2018</fechaapert>
        <disponibilidad>INDIVIDUAL</disponibilidad>
        <situacion>NORMAL</situacion>
        <ctachoice> </ctachoice>
        <cteadherido> </cteadherido>
        <fchaadhesion> </fchaadhesion>
        <dni>0025314948</dni>
        <nombre> </nombre>
        <codtarifa> </codtarifa>
        <tarifa> </tarifa>
        <fechainicdesc> </fechainicdesc>
        <excautoriz> </excautoriz>
        <excventanilla> </excventanilla>
        <excdomicil> </excdomicil>
        <exccajero> </exccajero>
        <exccompras> </exccompras>
        <mcodorganizacion>002</mcodorganizacion>
        <mcodsegmento>DWE</mcodsegmento>
        <cuent_sueldo> </cuent_sueldo>
        <saldo_acred> </saldo_acred>
        <fecha_ult_acred> </fecha_ult_acred>
    </data>
</bsvrsp>