<?xml version="1.0" encoding="ISO-8859-1"?>
<bsvrsp>
    <header>
        <nombre>corporate_01</nombre>
        <fecha>08032019</fecha>
        <hora>103639</hora>
        <resultado>ok</resultado>
    </header>
    <data>
        <cliente>
            <rowset>
                <count>1</count>
                <row>
                    <numclien>00016229</numclien>
                    <codident>04</codident>
                    <claident>0000025314948</claident>
                    <cuit>0027253149480</cuit>
                    <secuident>00</secuident>
                    <version>1</version>
                    <sexo_sal>F</sexo_sal>
                    <priape>AGOSTINO</priape>
                    <nombre>GRACIELA ROSALIA</nombre>
                    <orgbkb>002</orgbkb>
                    <segmento>DWE</segmento>
                    <oficial>00682</oficial>
                    <tipifjur>F</tipifjur>
                    <fenacimi>1976-08-25</fenacimi>
                    <telefono>0299 154201234</telefono>
                    <mail>GAGOSTINO@TUTEUR.COM.AR</mail>
                    <resultado_clien> </resultado_clien>
                </row>
            </rowset>
        </cliente>
        <cuenta>
            <rowset>
                <count>15</count>
                <row>
                    <codiser_cta>01</codiser_cta>
                    <nroprod_cta>001505010110622891</nroprod_cta>
                    <razsoc_cta>GRACIELA ROSALIA AGOSTINO</razsoc_cta>
                    <estado_cta>A</estado_cta>
                    <subprod_cta>0304</subprod_cta>
                    <desrcsub_cta>CA$ BD 304</desrcsub_cta>
                    <desacsub_cta>CUENTA SUELDO</desacsub_cta>
                    <saldo_cta>33082921,66</saldo_cta>
                    <acuerdo_cta>0,00</acuerdo_cta>
                    <resultado_cta>OK</resultado_cta>
                </row>
                <row>
                    <codiser_cta>07</codiser_cta>
                    <nroprod_cta>001505010714796539</nroprod_cta>
                    <razsoc_cta>GRACIELA ROSALIA AGOSTINO</razsoc_cta>
                    <estado_cta>A</estado_cta>
                    <subprod_cta>0002</subprod_cta>
                    <desrcsub_cta>PF RENTA$</desrcsub_cta>
                    <desacsub_cta>PLAZO FIJO RENTA $</desacsub_cta>
                    <saldo_cta>877348,95</saldo_cta>
                    <acuerdo_cta>0,00</acuerdo_cta>
                    <resultado_cta>OK</resultado_cta>
                </row>
                <row>
                    <codiser_cta>07</codiser_cta>
                    <nroprod_cta>001505010714796705</nroprod_cta>
                    <razsoc_cta>GRACIELA ROSALIA AGOSTINO</razsoc_cta>
                    <estado_cta>A</estado_cta>
                    <subprod_cta>0012</subprod_cta>
                    <desrcsub_cta>PF $ UVA</desrcsub_cta>
                    <desacsub_cta>PLAZO FIJO $ UVA</desacsub_cta>
                    <saldo_cta>53214,16</saldo_cta>
                    <acuerdo_cta>0,00</acuerdo_cta>
                    <resultado_cta>OK</resultado_cta>
                </row>
                <row>
                    <codiser_cta>07</codiser_cta>
                    <nroprod_cta>001505010714800500</nroprod_cta>
                    <razsoc_cta>GRACIELA ROSALIA AGOSTINO</razsoc_cta>
                    <estado_cta>A</estado_cta>
                    <subprod_cta>0001</subprod_cta>
                    <desrcsub_cta>PF $</desrcsub_cta>
                    <desacsub_cta>PLAZO FIJO EN PESOS</desacsub_cta>
                    <saldo_cta>10348344,99</saldo_cta>
                    <acuerdo_cta>0,00</acuerdo_cta>
                    <resultado_cta>OK</resultado_cta>
                </row>
                <row>
                    <codiser_cta>07</codiser_cta>
                    <nroprod_cta>001505010714801921</nroprod_cta>
                    <razsoc_cta>GRACIELA ROSALIA AGOSTINO</razsoc_cta>
                    <estado_cta>A</estado_cta>
                    <subprod_cta>0001</subprod_cta>
                    <desrcsub_cta>PF $</desrcsub_cta>
                    <desacsub_cta>PLAZO FIJO EN PESOS</desacsub_cta>
                    <saldo_cta>10000,00</saldo_cta>
                    <acuerdo_cta>0,00</acuerdo_cta>
                    <resultado_cta>OK</resultado_cta>
                </row>
                <row>
                    <codiser_cta>07</codiser_cta>
                    <nroprod_cta>001505010714802016</nroprod_cta>
                    <razsoc_cta>GRACIELA ROSALIA AGOSTINO</razsoc_cta>
                    <estado_cta>A</estado_cta>
                    <subprod_cta>0001</subprod_cta>
                    <desrcsub_cta>PF $</desrcsub_cta>
                    <desacsub_cta>PLAZO FIJO EN PESOS</desacsub_cta>
                    <saldo_cta>1234,00</saldo_cta>
                    <acuerdo_cta>0,00</acuerdo_cta>
                    <resultado_cta>OK</resultado_cta>
                </row>
                <row>
                    <codiser_cta>07</codiser_cta>
                    <nroprod_cta>001505010714802188</nroprod_cta>
                    <razsoc_cta>GRACIELA ROSALIA AGOSTINO</razsoc_cta>
                    <estado_cta>A</estado_cta>
                    <subprod_cta>0001</subprod_cta>
                    <desrcsub_cta>PF $</desrcsub_cta>
                    <desacsub_cta>PLAZO FIJO EN PESOS</desacsub_cta>
                    <saldo_cta>1000,00</saldo_cta>
                    <acuerdo_cta>0,00</acuerdo_cta>
                    <resultado_cta>OK</resultado_cta>
                </row>
                <row>
                    <codiser_cta>07</codiser_cta>
                    <nroprod_cta>001505010714802281</nroprod_cta>
                    <razsoc_cta>GRACIELA ROSALIA AGOSTINO</razsoc_cta>
                    <estado_cta>A</estado_cta>
                    <subprod_cta>0001</subprod_cta>
                    <desrcsub_cta>PF $</desrcsub_cta>
                    <desacsub_cta>PLAZO FIJO EN PESOS</desacsub_cta>
                    <saldo_cta>0,00</saldo_cta>
                    <acuerdo_cta>0,00</acuerdo_cta>
                    <resultado_cta>OK</resultado_cta>
                </row>
                <row>
                    <codiser_cta>07</codiser_cta>
                    <nroprod_cta>001505010714804109</nroprod_cta>
                    <razsoc_cta>GRACIELA ROSALIA AGOSTINO</razsoc_cta>
                    <estado_cta>A</estado_cta>
                    <subprod_cta>0002</subprod_cta>
                    <desrcsub_cta>PF RENTA$</desrcsub_cta>
                    <desacsub_cta>PLAZO FIJO RENTA $</desacsub_cta>
                    <saldo_cta>0,00</saldo_cta>
                    <acuerdo_cta>0,00</acuerdo_cta>
                    <resultado_cta>OK</resultado_cta>
                </row>
                <row>
                    <codiser_cta>07</codiser_cta>
                    <nroprod_cta>001505010714804202</nroprod_cta>
                    <razsoc_cta>GRACIELA ROSALIA AGOSTINO</razsoc_cta>
                    <estado_cta>A</estado_cta>
                    <subprod_cta>0012</subprod_cta>
                    <desrcsub_cta>PF $ UVA</desrcsub_cta>
                    <desacsub_cta>PLAZO FIJO $ UVA</desacsub_cta>
                    <saldo_cta>0,00</saldo_cta>
                    <acuerdo_cta>0,00</acuerdo_cta>
                    <resultado_cta>OK</resultado_cta>
                </row>
                <row>
                    <codiser_cta>07</codiser_cta>
                    <nroprod_cta>001505010714804374</nroprod_cta>
                    <razsoc_cta>GRACIELA ROSALIA AGOSTINO</razsoc_cta>
                    <estado_cta>A</estado_cta>
                    <subprod_cta>0012</subprod_cta>
                    <desrcsub_cta>PF $ UVA</desrcsub_cta>
                    <desacsub_cta>PLAZO FIJO $ UVA</desacsub_cta>
                    <saldo_cta>0,00</saldo_cta>
                    <acuerdo_cta>0,00</acuerdo_cta>
                    <resultado_cta>OK</resultado_cta>
                </row>
                <row>
                    <codiser_cta>07</codiser_cta>
                    <nroprod_cta>001505110710576244</nroprod_cta>
                    <razsoc_cta>GRACIELA ROSALIA AGOSTINO</razsoc_cta>
                    <estado_cta>A</estado_cta>
                    <subprod_cta>0001</subprod_cta>
                    <desrcsub_cta>PF $</desrcsub_cta>
                    <desacsub_cta>PLAZO FIJO EN PESOS</desacsub_cta>
                    <saldo_cta>2197122,29</saldo_cta>
                    <acuerdo_cta>0,00</acuerdo_cta>
                    <resultado_cta>OK</resultado_cta>
                </row>
                <row>
                    <codiser_cta>11</codiser_cta>
                    <nroprod_cta>001505011116911176</nroprod_cta>
                    <razsoc_cta>GRACIELA ROSALIA AGOSTINO</razsoc_cta>
                    <estado_cta>A</estado_cta>
                    <subprod_cta>0001</subprod_cta>
                    <desrcsub_cta>CA USB</desrcsub_cta>
                    <desacsub_cta>C AHORRO U$S TRIMESTRAL.</desacsub_cta>
                    <saldo_cta>10000,00</saldo_cta>
                    <acuerdo_cta>0,00</acuerdo_cta>
                    <resultado_cta>OK</resultado_cta>
                </row>
                <row>
                    <codiser_cta>11</codiser_cta>
                    <nroprod_cta>001505111110343466</nroprod_cta>
                    <razsoc_cta>GRACIELA ROSALIA AGOSTINO</razsoc_cta>
                    <estado_cta>A</estado_cta>
                    <subprod_cta>0001</subprod_cta>
                    <desrcsub_cta>CA USB</desrcsub_cta>
                    <desacsub_cta>C AHORRO U$S TRIMESTRAL.</desacsub_cta>
                    <saldo_cta>49510275,74</saldo_cta>
                    <acuerdo_cta>0,00</acuerdo_cta>
                    <resultado_cta>OK</resultado_cta>
                </row>
                <row>
                    <codiser_cta>17</codiser_cta>
                    <nroprod_cta>001505011711303996</nroprod_cta>
                    <razsoc_cta>GRACIELA ROSALIA AGOSTINO</razsoc_cta>
                    <estado_cta>A</estado_cta>
                    <subprod_cta>0001</subprod_cta>
                    <desrcsub_cta>PF ME</desrcsub_cta>
                    <desacsub_cta>PLAZO FIJO EN MONEDA EXTRANJER</desacsub_cta>
                    <saldo_cta>326365,90</saldo_cta>
                    <acuerdo_cta>0,00</acuerdo_cta>
                    <resultado_cta>OK</resultado_cta>
                </row>
            </rowset>
        </cuenta>
        <tarjeta>
            <rowset>
                <count>3</count>
                <row>
                    <codiser_tarj>37</codiser_tarj>
                    <nroprod_tarj>00004824690000216972</nroprod_tarj>
                    <razsoc_tarj>EJUZPYMU/JLEDYARE L</razsoc_tarj>
                    <estadot_tarj>20</estadot_tarj>
                    <estadoc_tarj>10</estadoc_tarj>
                    <gruaff_tarj>9234</gruaff_tarj>
                    <desgruaf_tarj>EXCLUSIVE ICBC CLUB</desgruaf_tarj>
                    <titul_tarj>0</titul_tarj>
                    <nomemp_tarj>EJUZPYMU JLEDYARE L</nomemp_tarj>
                    <nrocta_tarj>0093445957</nrocta_tarj>
                    <fecvto_tarj>20190108</fecvto_tarj>
                    <saldisp_tarj>220000,00</saldisp_tarj>
                    <pagmin_tarj>0,00</pagmin_tarj>
                    <feccie_tarj>20181227</feccie_tarj>
                    <pagtotp_tarj>7147,59</pagtotp_tarj>
                    <pagtotd_tarj>-77,19</pagtotd_tarj>
                    <tarj_hab>0</tarj_hab>
                    <resultado_tarj>OK</resultado_tarj>
                </row>
                <row>
                    <codiser_tarj>38</codiser_tarj>
                    <nroprod_tarj>00004864220004114501</nroprod_tarj>
                    <razsoc_tarj>EJUZPYMU/JLEDYARE L</razsoc_tarj>
                    <estadot_tarj>20</estadot_tarj>
                    <estadoc_tarj>10</estadoc_tarj>
                    <gruaff_tarj>0000</gruaff_tarj>
                    <desgruaf_tarj> </desgruaf_tarj>
                    <titul_tarj>E</titul_tarj>
                    <nomemp_tarj>POPAOL ZEDYHYE</nomemp_tarj>
                    <nrocta_tarj>0504285367</nrocta_tarj>
                    <fecvto_tarj>20190110</fecvto_tarj>
                    <saldisp_tarj>0,00</saldisp_tarj>
                    <pagmin_tarj>84963,00</pagmin_tarj>
                    <feccie_tarj>20181227</feccie_tarj>
                    <pagtotp_tarj>81216,13</pagtotp_tarj>
                    <pagtotd_tarj>95,00</pagtotd_tarj>
                    <tarj_hab>0</tarj_hab>
                    <resultado_tarj>OK</resultado_tarj>
                </row>
                <row>
                    <codiser_tarj>61</codiser_tarj>
                    <nroprod_tarj>00005197143295137392</nroprod_tarj>
                    <razsoc_tarj>AGOSTINO GRACIELA ROSALI</razsoc_tarj>
                    <estadot_tarj>00</estadot_tarj>
                    <estadoc_tarj> </estadoc_tarj>
                    <gruaff_tarj>0746</gruaff_tarj>
                    <desgruaf_tarj> </desgruaf_tarj>
                    <titul_tarj>0</titul_tarj>
                    <nomemp_tarj> </nomemp_tarj>
                    <nrocta_tarj>0006226212</nrocta_tarj>
                    <fecvto_tarj>20190207</fecvto_tarj>
                    <saldisp_tarj>150000,00</saldisp_tarj>
                    <pagmin_tarj>2000,00</pagmin_tarj>
                    <feccie_tarj> </feccie_tarj>
                    <pagtotp_tarj>24944,91</pagtotp_tarj>
                    <pagtotd_tarj>0,00</pagtotd_tarj>
                    <tarj_hab>0</tarj_hab>
                    <resultado_tarj>OK</resultado_tarj>
                </row>
            </rowset>
        </tarjeta>
        <fondo>
            <rowset>
                <count>1</count>
                <row>
                    <codiser_fondo>66</codiser_fondo>
                    <nroprod_fondo>00121932801</nroprod_fondo>
                    <razsoc_fondo>AGOSTINO GRACIELA ROSALIA</razsoc_fondo>
                    <saldispp_fondo>0,00</saldispp_fondo>
                    <saldispd_fondo>0,00</saldispd_fondo>
                    <fecha_fondo>00010101</fecha_fondo>
                    <resultado_fondo>OK</resultado_fondo>
                </row>
            </rowset>
        </fondo>
        <titulo>
            <rowset>
                <count>1</count>
                <row>
                    <codiser_titulo>64</codiser_titulo>
                    <nroprod_titulo>0522000360183</nroprod_titulo>
                    <razsoc_titulo> </razsoc_titulo>
                    <resultado_titulo> </resultado_titulo>
                </row>
            </rowset>
        </titulo>
        <tarj_bnlco>
            <rowset>
                <count>2</count>
                <row>
                    <codiser_tarj_bnlco>74</codiser_tarj_bnlco>
                    <nroprod_tarj_bnlco>44517510019417241000</nroprod_tarj_bnlco>
                    <resultado_tarj_bnlco> </resultado_tarj_bnlco>
                </row>
                <row>
                    <codiser_tarj_bnlco>74</codiser_tarj_bnlco>
                    <nroprod_tarj_bnlco>44517510044661045000</nroprod_tarj_bnlco>
                    <resultado_tarj_bnlco> </resultado_tarj_bnlco>
                </row>
            </rowset>
        </tarj_bnlco>
    </data>
</bsvrsp>