<bsvrsp>
    <header>
        <nombre>corporate_01</nombre>
        <txid>f12204d5783a405097dee6bdadf94941</txid>
        <fecha>14092018</fecha>
        <hora>120649</hora>
        <resultado>ok</resultado>
    </header>
    <data>
        <numclie>04347875</numclie>
        <product>OP</product>
        <declar>N</declar>
        <retorno> </retorno>
        <general>
            <rowset>
                <count>1</count>
                <row>
                    <fec_liquida>07/05/18</fec_liquida>
                    <destinatario>MR JOSEPH M ANDOLSEK</destinatario>
                    <cod_concepto>N01</cod_concepto>
                    <desc_cpto>NO INFORMADO</desc_cpto>
                    <cod_moneda>02</cod_moneda>
                    <imp_total>00000000000903590</imp_total>
                    <desc_estado>COMPLETO</desc_estado>
                    <operacion>575690L01</operacion>
                    <gastos_acargo> </gastos_acargo>
                    <domicilio>CANADA                                                                                                                               CITIBANK N.A.</domicilio>
                    <cta_benef> </cta_benef>
                    <banco_recib>00150907111054 001509071110</banco_recib>
                    <banco_interm>4 S</banco_interm>
                    <referencia> </referencia>
                    <cta_gastos> </cta_gastos>
                    <cta_debito> </cta_debito>
                    <canal> </canal>
                </row>
            </rowset>
        </general>
    </data>
</bsvrsp>