<?xml version="1.0" encoding="ISO-8859-1"?>
<bsvrsp>
    <header>
        <nombre>corporate_01</nombre>
        <txid>3583b12e7a964d5a8a63576b07031217</txid>
        <fecha>21112018</fecha>
        <hora>120125</hora>
        <resultado>ok</resultado>
        <aviso>
            <codigo>BGA0009</codigo>
            <mensaje>OK. ALTA EFECTUADA</mensaje>
        </aviso>
    </header>
    <data>
        <ccc>00150501000714537171</ccc>
        <imptini>0000000000204164</imptini>
        <codigo> </codigo>
        <cddivis> </cddivis>
        <observa> </observa>
        <pervtot>D</pervtot>
        <pervton>30</pervton>
        <abointe>V</abointe>
        <tarifa> </tarifa>
        <increme> </increme>
        <tasfin> </tasfin>
        <fecvto>21122018-</fecvto>
        <fchaper> </fchaper>
        <canvto> </canvto>
        <intpend> </intpend>
        <sumqui> </sumqui>
        <indtrn> </indtrn>
        <ccccarg> </ccccarg>
        <tastrn> </tastrn>
        <codven>5310</codven>
        <canven>140</canven>
        <tipdoc>04</tipdoc>
        <nrodoc>0000093282248</nrodoc>
        <secdoc> </secdoc>
        <orifon> </orifon>
        <nopcan> </nopcan>
        <cotiza> </cotiza>
        <autoriz> </autoriz>
        <anotado> </anotado>
        <secipf>9</secipf>
        <nrocert> </nrocert>
        <certant> </certant>
        <msggar> </msggar>
        <numchl> </numchl>
        <tdocal> </tdocal>
        <ndocal> </ndocal>
        <clicon> </clicon>
        <callb> </callb>
        <coc> </coc>
        <ticket> </ticket>
        <avkyc> </avkyc>
        <nroimposic>113</nroimposic>
        <dirsucu>CAPITAL FEDERAL, 21 DE NOVIEMBRE DE 2018</dirsucu>
        <ctaplazo>05010714537171</ctaplazo>
        <titular1>JOSE ANTONIO MERA Y TORRES Y</titular1>
        <tipdoc1>DNI</tipdoc1>
        <nrodoc1>0000093282248</nrodoc1>
        <titular2>NORA BEATRIZ GIRIBALDI</titular2>
        <tipdoc2>DNI</tipdoc2>
        <nrodoc2>0000013146174</nrodoc2>
        <direcc>ULIAN ALVAREZ 02781 1</direcc>
        <moneda>PESO</moneda>
        <impo1>DOS MIL OCHENTA Y CUATRO CON 43/100</impo1>
        <impo2> </impo2>
        <impdepo>000000000000204164</impdepo>
        <impoint>0000000000000004279</impoint>
        <impsellado>0000000000000000000</impsellado>
        <retgcias>0000000000000000000</retgcias>
        <impmunic>0000000000000000000</impmunic>
        <neto>000000000000208443</neto>
        <tna>0025500</tna>
        <tae> </tae>
        <diasvto>30</diasvto>
        <centro>0187</centro>
        <ctasoc>05010211354856</ctasoc>
        <perliqu>VENCIMIENTO</perliqu>
        <nroopfpa>Tipo Cam</nroopfpa>
        <grossing>0</grossing>
        <nromovtocta> </nromovtocta>
        <nromovrel> </nromovrel>
    </data>
</bsvrsp>