<?xml version="1.0" encoding="ISO-8859-1"?>
<bsvrsp>
    <header>
        <nombre>retail_03</nombre>
        <fecha>20032019</fecha>
        <hora>114000</hora>
        <resultado>ok</resultado>
    </header>
    <data>
        <tipodoc>04</tipodoc>
        <nrodoc>0000000000000</nrodoc>
        <numcli>04381999</numcli>
        <tarjeta> </tarjeta>
        <pin>0000</pin>
        <numclie>04381999</numclie>
        <nombre>MARIO ORLANDO</nombre>
        <priape>ZUCCONI</priape>
        <cuit>0020076992402</cuit>
        <oficial>00730</oficial>
        <direc>CONSTITUCION</direc>
        <indfisju>F</indfisju>
        <nro>01765</nro>
        <piso> </piso>
        <depto> </depto>
        <localid>SAN FERNANDO</localid>
        <codpost>1646</codpost>
        <codprov>B</codprov>
        <teltip>01</teltip>
        <telpref>011</telpref>
        <telcar>4744</telcar>
        <telnum>0962</telnum>
        <faxnum>00</faxnum>
        <email>MARIORLANDO2009@HOTMAIL.COM.AR</email>
        <fenacim>1949-09-09</fenacim>
        <pecnaci>080</pecnaci>
        <orgbkb>004</orgbkb>
        <segment>PAE</segment>
        <ofiape>0826</ofiape>
        <empreco> </empreco>
        <tipoact>0007</tipoact>
        <profesi>021</profesi>
        <tipoiva>03</tipoiva>
        <estado>01</estado>
        <condic>01</condic>
        <fealtcl>2013-12-16</fealtcl>
        <fulmodo>2015-07-13</fulmodo>
        <fulacpi>2019-03-20</fulacpi>
        <fulmopi>2019-03-19</fulmopi>
        <estadpi>3</estadpi>
        <cantacc>003</cantacc>
        <modo>T</modo>
        <verdocu>00</verdocu>
        <sexo>M</sexo>
        <calibcra> </calibcra>
        <tipodocpri>04</tipodocpri>
        <nrodocpri>0000007699240</nrodocpri>
        <cantprod>08</cantprod>
        <general>
            <rowset>
                <count>8</count>
                <row>
                    <descrip>CA $</descrip>
                    <nroprod>00150826000111632265</nroprod>
                    <nronoalt>00000082627001484502</nronoalt>
                    <subprod>0001</subprod>
                    <saldo_dispue>+00000046120</saldo_dispue>
                    <limite>+00000000000</limite>
                    <saldo_dispon>+00000046120</saldo_dispon>
                    <org_prod>004</org_prod>
                    <seg_prod>PAE</seg_prod>
                    <divisa>ARP</divisa>
                    <estprod> </estprod>
                </row>
                <row>
                    <descrip>PF $</descrip>
                    <nroprod>00150501000715106624</nroprod>
                    <nronoalt>00000050120103220402</nronoalt>
                    <subprod>0001</subprod>
                    <saldo_dispue>+00002800000</saldo_dispue>
                    <limite>+00000000000</limite>
                    <saldo_dispon>+00002800000</saldo_dispon>
                    <org_prod>004</org_prod>
                    <seg_prod>PAE</seg_prod>
                    <divisa>ARP</divisa>
                    <estprod> </estprod>
                </row>
                <row>
                    <descrip>PF $</descrip>
                    <nroprod>00150826000710168084</nroprod>
                    <nronoalt>00000082627000123604</nronoalt>
                    <subprod>0002</subprod>
                    <saldo_dispue>+00071900000</saldo_dispue>
                    <limite>+00000000000</limite>
                    <saldo_dispon>+00071900000</saldo_dispon>
                    <org_prod>004</org_prod>
                    <seg_prod>PAE</seg_prod>
                    <divisa>ARP</divisa>
                    <estprod> </estprod>
                </row>
                <row>
                    <descrip>CA U$S</descrip>
                    <nroprod>00150826001110165644</nroprod>
                    <nronoalt>00021482627014810400</nronoalt>
                    <subprod>0001</subprod>
                    <saldo_dispue>+00000000000</saldo_dispue>
                    <limite>+00000000000</limite>
                    <saldo_dispon>+00000000000</saldo_dispon>
                    <org_prod>004</org_prod>
                    <seg_prod>PAE</seg_prod>
                    <divisa>USB</divisa>
                    <estprod> </estprod>
                </row>
                <row>
                    <descrip>PAQ</descrip>
                    <nroprod>00150826002208149413</nroprod>
                    <nronoalt>00000015082600884571</nronoalt>
                    <subprod> </subprod>
                    <saldo_dispue>+00000000000</saldo_dispue>
                    <limite>+00000000000</limite>
                    <saldo_dispon>+00000000000</saldo_dispon>
                    <org_prod>004</org_prod>
                    <seg_prod>PAE</seg_prod>
                    <divisa> </divisa>
                    <estprod> </estprod>
                </row>
                <row>
                    <descrip>TITULO</descrip>
                    <nroprod>00150826006410177071</nroprod>
                    <nronoalt>05220003553850000000</nronoalt>
                    <subprod> </subprod>
                    <saldo_dispue>+00000000000</saldo_dispue>
                    <limite>+00000000000</limite>
                    <saldo_dispon>+00000000000</saldo_dispon>
                    <org_prod>004</org_prod>
                    <seg_prod>PAE</seg_prod>
                    <divisa> </divisa>
                    <estprod> </estprod>
                </row>
                <row>
                    <descrip>FCI</descrip>
                    <nroprod>00150826006610124015</nroprod>
                    <nronoalt>00124298009000000000</nronoalt>
                    <subprod> </subprod>
                    <saldo_dispue>+00000000000</saldo_dispue>
                    <limite>+00000000000</limite>
                    <saldo_dispon>+00000000000</saldo_dispon>
                    <org_prod>004</org_prod>
                    <seg_prod>PAE</seg_prod>
                    <divisa> </divisa>
                    <estprod> </estprod>
                </row>
                <row>
                    <descrip>BANE</descrip>
                    <nroprod>00150826007414861999</nroprod>
                    <nronoalt>45175100444407700001</nronoalt>
                    <subprod> </subprod>
                    <saldo_dispue>+00000000000</saldo_dispue>
                    <limite>+00000000000</limite>
                    <saldo_dispon>+00000000000</saldo_dispon>
                    <org_prod>004</org_prod>
                    <seg_prod>PAE</seg_prod>
                    <divisa> </divisa>
                    <estprod> </estprod>
                </row>
            </rowset>
        </general>
    </data>
</bsvrsp>