<?xml version="1.0" encoding="ISO-8859-1"?>
<bsvrsp>
    <header>
        <nombre>corporate_01</nombre>
        <fecha>22122017</fecha>
        <hora>100333</hora>
        <resultado>ok</resultado>
        <aviso>
            <codigo>BGA1186</codigo>
            <mensaje>OK. PAGO EFECTUADO.</mensaje>
        </aviso>
    </header>
    <data>
        <ccc>00150501000714288507</ccc>
        <numimp>1</numimp>
        <cccacr>00150501000132085781</cccacr>
        <cotiza> </cotiza>
        <nrocert> </nrocert>
        <tipdoc> </tipdoc>
        <nrodoc> </nrodoc>
        <secdoc> </secdoc>
        <banco> </banco>
        <banco_desc> </banco_desc>
        <suc> </suc>
        <suc_desc> </suc_desc>
        <fecha> </fecha>
        <hora> </hora>
        <term> </term>
        <oper> </oper>
        <cc_plazo> </cc_plazo>
        <rubro> </rubro>
        <cc_acred> </cc_acred>
        <impo_nro> </impo_nro>
        <fec_vto> </fec_vto>
        <tasa>22000000</tasa>
        <plazo>3</plazo>
        <imp_cap> </imp_cap>
        <imp_int> </imp_int>
        <imp_tot> </imp_tot>
        <impu> </impu>
        <sella> </sella>
        <tasa_mun> </tasa_mun>
        <tot_pag> </tot_pag>
    </data>
</bsvrsp>