<?xml version="1.0" encoding="ISO-8859-1"?>
<bsvrsp>
    <header>
        <nombre>retail_15</nombre>
        <fecha>14032019</fecha>
        <hora>160711</hora>
        <resultado>ok</resultado>
        <aviso>
            <codigo>BGA1203</codigo>
            <mensaje>OK. SIMULACION EFECTUADA.</mensaje>
        </aviso>
    </header>
    <data>
        <nroimpo>16</nroimpo>
        <fecpob>CAPITAL FEDERAL, 14 DE MARZO DE 2019</fecpob>
        <lugarpago>SUCURSAL CENTRO</lugarpago>
        <titulo>SIMULACION DE PLAZO FIJO NO VALIDO COMO COMPROBANTE</titulo>
        <ccc_sal>0501/07137013/11</ccc_sal>
        <titular1>CRISTIAN ARIEL IRIAZABAL</titular1>
        <titular2> </titular2>
        <tipdoc_tit1>DNI</tipdoc_tit1>
        <tipdoc_tit2> </tipdoc_tit2>
        <nrodoc_tit1>0000018431682</nrodoc_tit1>
        <nrodoc_tit2> </nrodoc_tit2>
        <domicilio>LOS PATOS 02675 PB 5</domicilio>
        <moneda>PESO</moneda>
        <implet1>DOSCIENTOS TREINTA MIL SEISCIENTOS CUARENTA Y OCHO CON 73/100</implet1>
        <implet2> </implet2>
        <impt_depo>214.188,49</impt_depo>
        <impt_inte>16.460,24</impt_inte>
        <sellado>0,00</sellado>
        <impuesto>0,00</impuesto>
        <tasa_muni>0,00</tasa_muni>
        <neto_cobra>230.648,73</neto_cobra>
        <tna>46,75</tna>
        <tea>56,89</tea>
        <diavto>60</diavto>
        <uvabase> </uvabase>
        <fecvto_sal>13-05-2019</fecvto_sal>
        <costo>0187</costo>
        <leyend4>Intransferible</leyend4>
        <sumqui_sal> </sumqui_sal>
        <tasaref>44,174000</tasaref>
        <leyend5>* DEPOSITO SIN GARANTIA *</leyend5>
        <uvacapital> </uvacapital>
        <cond4> </cond4>
        <cccaso>0501/01332130/48</cccaso>
        <leyend1> </leyend1>
        <leyend2> </leyend2>
        <cond1> </cond1>
        <perliq>VENCIMIENTO</perliq>
        <nopcan_sal> </nopcan_sal>
        <grossup> </grossup>
        <nromov> </nromov>
        <nromo> </nromo>
        <cond3> </cond3>
        <cotiza_sal> </cotiza_sal>
        <cond2> </cond2>
    </data>
</bsvrsp>