<?xml version="1.0" encoding="ISO-8859-1"?>
<bsvrsp>
    <header>
        <nombre>retail_04</nombre>
        <txid>ea1bf83c3a384b469faa5b0a99927a9b</txid>
        <fecha>28032019</fecha>
        <hora>153117</hora>
        <resultado>ok</resultado>
        <aviso>
            <codigo>BGA1203</codigo>
            <mensaje>OK. SIMULACION EFECTUADA.</mensaje>
        </aviso>
    </header>
    <data>
        <numclie> </numclie>
        <tipdoc>04</tipdoc>
        <nrodoc>93282248</nrodoc>
        <secdoc> </secdoc>
        <prod>07</prod>
        <subprod>0012</subprod>
        <imptini>123000</imptini>
        <abointe>V</abointe>
        <fecvto> </fecvto>
        <pervtot>D</pervtot>
        <pervton>180</pervton>
        <cccmode> </cccmode>
        <tarifa> </tarifa>
        <producto>07/0012 PLAZO FIJO $ UVA</producto>
        <dirsucu>CAPITAL FEDERAL, 28 DE MARZO DE 2019</dirsucu>
        <operacion>SIMULACION DE PLAZO FIJO NO VALIDO COMO COMPROBANTE</operacion>
        <titular1>JOSE ANTONIO MERA Y TORRES</titular1>
        <tipdoc1>DNI</tipdoc1>
        <nrodoc1>0000093282248</nrodoc1>
        <titular2> </titular2>
        <tipdoc2> </tipdoc2>
        <nrodoc2> </nrodoc2>
        <direcc>AVDA 4 02446</direcc>
        <moneda>PESO</moneda>
        <impo1>MIL DOSCIENTOS TREINTA</impo1>
        <impo2> </impo2>
        <impdepo>1.230,00</impdepo>
        <impoint>0,00</impoint>
        <neto> </neto>
        <tna>2,10</tna>
        <tea>2,11</tea>
        <diasvto>180</diasvto>
        <fecvto_out>24-09-2019</fecvto_out>
        <tasaref>48,815000</tasaref>
        <tasaref_msj> </tasaref_msj>
        <pa_interes>VENCIMIENTO</pa_interes>
        <uvabase>33,89</uvabase>
        <uvacapital>36,29</uvacapital>
    </data>
</bsvrsp>