<?xml version="1.0" encoding="ISO-8859-1"?>
<bsvrsp>
    <header>
        <nombre>corporate_01</nombre>
        <fecha>26112018</fecha>
        <hora>152303</hora>
        <resultado>ok</resultado>
    </header>
    <data>
        <cliente>00016229</cliente>
        <tipo>T</tipo>
        <plazos_fijos>
            <rowset>
                <count>1</count>
                <row>
                    <cuenta>00150511000710576244</cuenta>
                    <mk_adhesion>S</mk_adhesion>
                    <nro_cliente>00016229</nro_cliente>
                    <fecha_adhesion>2018-11-26</fecha_adhesion>
                </row>
            </rowset>
        </plazos_fijos>
    </data>
</bsvrsp>