<?xml version="1.0" encoding="ISO-8859-1"?>
<bsvrsp>
    <header>
        <nombre>intra_01</nombre>
        <fecha>15032019</fecha>
        <hora>114322</hora>
        <resultado>ok</resultado>
    </header>
    <data>
        <numclie>00016229</numclie>
        <ctacapi>001505111110343466</ctacapi>
        <ctagast>001505111110343466</ctagast>
        <monedop>02</monedop>
        <importe>100</importe>
        <concept>5007</concept>
        <cgastos>O</cgastos>
        <retorno> </retorno>
    </data>
</bsvrsp>