<?xml version="1.0" encoding="ISO-8859-1"?>
<bsvrsp><header><resultado>ok</resultado><nombre/><fecha/><hora/></header><data><resp_cod>00</resp_cod><debin_pag_sig>99</debin_pag_sig><general>
         <rowset>
            <count>2</count>
            <row>
               <debin_id>V8D0Q619LYLY3327JZ5RGE</debin_id>
               <vencimiento>2019-01-17T23:58:00-03:00</vencimiento>
               <estado_cod/>
               <estado_desc/>
               <concepto>VAR</concepto>
               <importe>11.0</importe>
               <fecha_desde/>
               <fecha_hasta/>
               <id_operacion_original/>
               <devolucion>false</devolucion>
               <tipo>1debin</tipo>
               <comprador_cuit>120253718588</comprador_cuit>
               <comprador_nombre>1ROBERTO JAVIER PIRIZ</comprador_nombre>
               <comprador_cuenta_cbu/>
               <comprador_cuenta_alias/>
               <comprador_cuenta_banco>ICBC</comprador_cuenta_banco>
               <comprador_cuenta_sucursal/>
               <comprador_cuenta_moneda/>
               <comprador_cuenta_tipo/>
               <comprador_cuenta_numero/>
               <comprador_cuenta_fecha_alta/>
               <comprador_cuenta_es_titular>false</comprador_cuenta_es_titular>
               <vendedor_cuit>120331550346</vendedor_cuit>
               <vendedor_nombre>1KREIMAN MATIAS EZEQUIEL</vendedor_nombre>
               <vendedor_terminal/>
               <vendedor_cuenta_banco/>
               <vendedor_cuenta_cbu/>
               <vendedor_cuenta_sucursal/>
               <vendedor_cuenta_moneda/>
               <vendedor_cuenta_tipo/>
               <vendedor_cuenta_numero/>
               <vendedor_cuenta_fecha_alta/>
               <vendedor_cuenta_es_titular>false</vendedor_cuenta_es_titular>
            </row>
            <row>
               <debin_id>V8D0Q619LYLY3327JZ5RGF</debin_id>
               <vencimiento>2019-01-19T14:44:00-03:00</vencimiento>
               <estado_cod/>
               <estado_desc/>
               <concepto>EXP</concepto>
               <importe>12.0</importe>
               <fecha_desde/>
               <fecha_hasta/>
               <id_operacion_original/>
               <devolucion>false</devolucion>
               <tipo>debin</tipo>
               <comprador_cuit>120253718588</comprador_cuit>
               <comprador_nombre>1ROBERTO JAVIER PIRIZ</comprador_nombre>
               <comprador_cuenta_cbu/>
               <comprador_cuenta_alias/>
               <comprador_cuenta_banco>ICBC</comprador_cuenta_banco>
               <comprador_cuenta_sucursal/>
               <comprador_cuenta_moneda/>
               <comprador_cuenta_tipo/>
               <comprador_cuenta_numero/>
               <comprador_cuenta_fecha_alta/>
               <comprador_cuenta_es_titular>false</comprador_cuenta_es_titular>
               <vendedor_cuit>120331550346</vendedor_cuit>
               <vendedor_nombre>1KREIMAN MATIAS EZEQUIEL</vendedor_nombre>
               <vendedor_terminal/>
               <vendedor_cuenta_banco>ICBC</vendedor_cuenta_banco>
               <vendedor_cuenta_cbu/>
               <vendedor_cuenta_sucursal/>
               <vendedor_cuenta_moneda/>
               <vendedor_cuenta_tipo/>
               <vendedor_cuenta_numero/>
               <vendedor_cuenta_fecha_alta/>
               <vendedor_cuenta_es_titular>false</vendedor_cuenta_es_titular>
            </row>
         </rowset>
      </general><resp_desc/></data></bsvrsp>