<?xml version="1.0" encoding="ISO-8859-1"?>
<bsvrsp>
    <header>
        <resultado>ok</resultado>
        <nombre/>
        <fecha/>
        <hora/>
    </header>
    <data>
        <resp_cod>00</resp_cod>
        <debin_id>VPD4RO172VWD6VNKJ3QE6L</debin_id>
        <debin_fecha_creacion>2017-08-08T12:24:00-03:00</debin_fecha_creacion>
        <debin_fecha_expiracion>2017-08-10T06:04:00-03:00</debin_fecha_expiracion>
        <debin_estado_cod/>
        <debin_estado_desc>INICIADO</debin_estado_desc>
        <debin_concepto>01</debin_concepto>
        <debin_id_usuario>0</debin_id_usuario>
        <debin_id_comprobante>0</debin_id_comprobante>
        <debin_importe>189.0</debin_importe>
        <debin_moneda/>
        <debin_descripcion/>
        <resp_desc/>
    </data>
</bsvrsp>