<?xml version="1.0" encoding="ISO-8859-1"?>
<bsvrsp>
    <header>
        <nombre/>
        <fecha>01/08/2018</fecha>
        <hora>11:11:16</hora>
        <resultado>ok</resultado>
        <request_id/>
        <response_id/>
        <aviso>
            <codigo>001001</codigo>
            <mensaje>El usuario se logeo en forma exitosa.</mensaje>
        </aviso>
    </header>
    <data>
        <usuario>u28052962</usuario>
        <tipo_doc>04</tipo_doc>
        <num_doc>28052962</num_doc>
        <genero>F</genero>
        <fec_ult_login>30/07/2018 15:01:07</fec_ult_login>
        <fecha_expiracion_clave>1574966736000</fecha_expiracion_clave>
        <has_biometrics>false</has_biometrics>
        <device_register>false</device_register>
        <has_liveness>false</has_liveness>
    </data>
</bsvrsp>