<bsvrsp>
	<header>
		<resultado>ok</resultado>
		<request_id>a2d59f928e9f4cb1a26fa3d04cf9f03b</request_id>
		<response_id>(1445357763550)</response_id>
		<aviso>
			<mensaje>Listado de (3) medios disponibles para el usuario04-11251661= canal=retail=</mensaje>
			<codigo>0</codigo>
		</aviso>
	</header>
	<data>
		<general>
			<rowset>
				<count>3</count>
				<row>
					<medio>TKS</medio>
					<prioridad>S</prioridad>
					<proveedor>BANELCO</proveedor>
				</row>
				<row>
					<medio>TAN</medio>
					<prioridad>N</prioridad>
					<proveedor>BANELCO</proveedor>
				</row>
				<row>
					<medio>TKV</medio>
					<prioridad>N</prioridad>
					<proveedor>BANELCO</proveedor>
				</row>
			</rowset>
		</general>
	</data>
</bsvrsp>