<?xml version="1.0" encoding="ISO-8859-1"?>
<bsvrsp>
  <header>
    <nombre/>
    <fecha>21/08/2018</fecha>
    <hora>16:30:20</hora>
    <resultado>ok</resultado>
    <request_id>c5b1fdb8435d4195b1a9893e663e1f84</request_id>
    <response_id>(1534879820419)</response_id>
    <aviso>
      <codigo>001001</codigo>
      <mensaje>El usuario se logeo en forma exitosa.</mensaje>
    </aviso>
  </header>
  <data>
    <usuario>null</usuario>
    <tipo_doc>04</tipo_doc>
    <num_doc>22730746</num_doc>
    <genero>F</genero>
    <fec_ult_login>null</fec_ult_login>
    <fecha_expiracion_clave>null</fecha_expiracion_clave>
    <has_biometrics>false</has_biometrics>
    <device_register>false</device_register>
    <has_liveness>false</has_liveness>
  </data>
</bsvrsp>
