<?xml version="1.0" encoding="ISO-8859-1"?>
<bsvrsp>
    <header>
        <nombre/>
        <fecha>06/12/2018</fecha>
        <hora>15:27:17</hora>
        <resultado>ok</resultado>
        <request_id/>
        <response_id/>
        <aviso>
            <codigo>001001</codigo>
            <mensaje>El usuario se logeo en forma exitosa.</mensaje>
        </aviso>
    </header>
    <data>
        <usuario>robert01</usuario>
        <tipo_doc>04</tipo_doc>
        <num_doc>28806140</num_doc>
        <genero>M</genero>
        <fec_ult_login>1534517386551</fec_ult_login>
        <fecha_expiracion_clave>null</fecha_expiracion_clave>
        <has_biometrics>false</has_biometrics>
        <device_register>false</device_register>
        <has_liveness>false</has_liveness>
    </data>
</bsvrsp>