<?xml version="1.0" encoding="UTF-8"?>
<bsvrsp>
   <header>
      <nombre>corporate_02</nombre>
      <txid>c1fb3dafe2f14e7aa1e19c458d321ef8</txid>
      <fecha>07092017</fecha>
      <hora>114300</hora>
      <resultado>ok</resultado>
   </header>
   <data>
	   <rowset>
			<count>21</count>
			<row><id>S01</id><name>S01 Mantenimiento y reparaciones</name></row>
			<row><id>S02</id><name>S02 Servicios de fletes</name></row>
			<row><id>S03</id><name>S03 Servicios de transporte de pasajeros</name></row>
			<row><id>S04</id><name>S04 Otros servicios de transportes</name></row>
			<row><id>S05</id><name>S05 Servicios postales y de mensajería</name></row>
			<row><id>S06</id><name>S06 Turismo y Viajes</name></row>
			<row><id>S07</id><name>S07 Servicios de construcción</name></row>
			<row><id>S08</id><name>S08 Primas de seguros</name></row>
			<row><id>S09</id><name>S09 Siniestros</name></row>
			<row><id>S10</id><name>S10 Servicios auxiliares de seguros</name></row>
			<row><id>S11</id><name>S11 Servicios financieros</name></row>
			<row><id>S12</id><name>S12 Servicios de telecomunicaciones</name></row>
			<row><id>S13</id><name>S13 Servicios de informática</name></row>
			<row><id>S14</id><name>S14 Servicios de información</name></row>
			<row><id>S15</id><name>S15 Cargos por el uso de la propiedad intelectual</name></row>
			<row><id>S16</id><name>S16 Servicios de investigación y desarrollo</name></row>
			<row><id>S17</id><name>S17 Servicios jurídicos, contables y gerenciales</name></row>
			<row><id>S18</id><name>S18 Servicios de publicidad, investigación de mercado y encuestas de opinión pública</name></row>
			<row><id>S19</id><name>S19 Servicios arquitectónicos, de ingeniería y otros servicios técnicos</name></row>
			<row><id>S20</id><name>S20 Servicios de arrendamiento operativo</name></row>
			<row><id>S21</id><name>S21 Servicios relacionados con el comercio</name></row>
		</rowset>
   </data>
 </bsvrsp>
   