<?xml version="1.0" encoding="UTF-8"?>
<bsvrsp>
   <header>
      <nombre>corporate_02</nombre>
      <txid>c1fb3dafe2f14e7aa1e19c458d321ef8</txid>
      <fecha>07092017</fecha>
      <hora>114300</hora>
      <resultado>ok</resultado>
   </header>
   <data>
      <rowset>
         <count>3</count>
         <row>
            <codigoIBAN></codigoIBAN>
            <codigoSwift>AIBK25US</codigoSwift>
            <codigoSwiftInter></codigoSwiftInter>
            <cuentaCredito>CC$0501/545222651/43</cuentaCredito>
            <domicilio>Malibu road 22236, Miami, FL</domicilio>
            <id>0</id>
            <nombre>Arnold Schwarzenegger</nombre>
            <nombreBanco>Bank of America</nombreBanco>
            <nombreBancoInter></nombreBancoInter>
            <paisBanco>USA</paisBanco>
            <paisBancoInter></paisBancoInter>
            <paisId>1</paisId>
            <referencia>Varios</referencia>
            <ubicacionBanco>Charlotte,CarolinadelNorte,EstadosUnidos</ubicacionBanco>
            <ubicacionBancoInter></ubicacionBancoInter>
         </row>
         <row>
            <codigoIBAN>ES7620770024003102575766</codigoIBAN>
            <codigoSwift>LACX33SP</codigoSwift>
            <codigoSwiftInter></codigoSwiftInter>
            <cuentaCredito>CC$0501/545222651/45</cuentaCredito>
            <domicilio>Lasgarzas 2213, Malaga</domicilio>
            <id>1</id>
            <nombre>Gerard Pique</nombre>
            <nombreBanco>Banco Popular</nombreBanco>
            <nombreBancoInter></nombreBancoInter>
            <paisBanco>SPA</paisBanco>
            <paisBancoInter></paisBancoInter>
            <paisId>2</paisId>
            <referencia>Varios</referencia>
            <ubicacionBanco>Malaga,Castilla,España</ubicacionBanco>
            <ubicacionBancoInter></ubicacionBancoInter>
         </row>
         
      </rowset>
   </data>
</bsvrsp>