<?xml version="1.0" encoding="UTF-8"?>
<bsvrsp>
   <header>
      <nombre>corporate_02</nombre>
      <txid>c1fb3dafe2f14e7aa1e19c458d321ef8</txid>
      <fecha>07092017</fecha>
      <hora>114300</hora>
      <resultado>ok</resultado>
   </header>
   <data>
      <rowset>
         <count>12</count>
         <row>
            <id>0</id>
			<fecha>30/11/17</fecha>
            <destinatario>Marcos Juarez</destinatario>
            <concepto>Servicios de tratamiento</concepto>
            <moneda>(USD) Dolar</moneda>
            <importe>125.00</importe>
            <estado>Pendiente</estado>            
         </row>
		 <row>
            <id>1</id>
			<fecha>23/10/17</fecha>
            <destinatario>Fernando Arce</destinatario>
            <concepto>Alquileres</concepto>
            <moneda>(EUR) Euros</moneda>
            <importe>5600.00</importe>
            <estado>Pendiente</estado>            
         </row>
		 <row>
            <id>2</id>
            <fecha>01/10/17</fecha>
			<destinatario>Lucas Mamador</destinatario>
            <concepto>Cobros de Exportacion</concepto>
            <moneda>(EUR) Euros</moneda>
            <importe>125.69</importe>
            <estado>Enviada</estado>            
         </row>
		 <row>
            <id>3</id>
            <fecha>01/10/17</fecha>
			<destinatario>Facundo Ramirez</destinatario>
            <concepto>Servicios varios</concepto>
            <moneda>(CNY) Yuan</moneda>
            <importe>200000.25</importe>
            <estado>Pendiente</estado>            
         </row>
		 <row>
            <id>4</id>
            <fecha>15/08/17</fecha>
			<destinatario>Diego Lancala</destinatario>
            <concepto>Primas de Seguro</concepto>
            <moneda>(EUR) Euros</moneda>
            <importe>2969.00</importe>
            <estado>Rechazada</estado>            
         </row>
		 <row>
            <id>5</id>
            <fecha>14/08/17</fecha>
			<destinatario>Diego Lancala</destinatario>
            <concepto>Primas de Seguro</concepto>
            <moneda>(EUR) Euros</moneda>
            <importe>2969.00</importe>
            <estado>Rechazada</estado>            
         </row>
		 <row>
            <id>6</id>
            <fecha>13/08/17</fecha>
			<destinatario>Diego Lancala</destinatario>
            <concepto>Primas de Seguro</concepto>
            <moneda>(EUR) Euros</moneda>
            <importe>2969.00</importe>
            <estado>Enviada</estado>            
         </row>
		 <row>
            <id>7</id>
            <fecha>04/08/17</fecha>
			<destinatario>Agustin Varela</destinatario>
            <concepto>Honorarios</concepto>
            <moneda>(USD) Dolar</moneda>
            <importe>500.00</importe>
            <estado>Enviada</estado>            
         </row>
		 <row>
            <id>8</id>
            <fecha>02/08/17</fecha>
			<destinatario>Horacio Varela</destinatario>
            <concepto>Gastos de comision</concepto>
            <moneda>(EUR) Euros</moneda>
            <importe>700.00</importe>
            <estado>Rechazada</estado>            
         </row>
		 <row>
            <id>9</id>
            <fecha>01/08/17</fecha>
			<destinatario>Juan Gonzalez</destinatario>
            <concepto>Turismo y viajes</concepto>
            <moneda>(EUR) Euros</moneda>
            <importe>125620.00</importe>
            <estado>Enviada</estado>            
         </row>
		 <row>
            <id>10</id>
            <fecha>30/07/17</fecha>
			<destinatario>Gonzalo Martinez</destinatario>
            <concepto>Siniestros</concepto>
            <moneda>(USD) Dolar</moneda>
            <importe>12566.00</importe>
            <estado>Enviada</estado>            
         </row>
		 <row>
            <id>11</id>
            <fecha>30/07/17</fecha>
			<destinatario>Martin Ramirez</destinatario>
            <concepto>Siniestros</concepto>
            <moneda>(USD) Dolar</moneda>
            <importe>12566.00</importe>
            <estado>Enviada</estado>            
         </row>
      </rowset>
   </data>
</bsvrsp>