response: <?xml version="1.0" encoding="ISO-8859-1"?>
<bsvrsp>
    <header>
        <nombre>intra_02</nombre>
        <txid>144b90adc015437e95b18a38866deef5</txid>
        <fecha>15032019</fecha>
        <hora>114818</hora>
        <resultado>ok</resultado>
    </header>
    <data>
        <modo>MTA</modo>
        <noperac>000689005L001</noperac>
        <complet>N</complet>
        <cotizac>000000000000000</cotizac>
        <fdocent> </fdocent>
        <clieblu> </clieblu>
        <sucesp> </sucesp>
        <fliqme>0001-01-01</fliqme>
        <finan> </finan>
        <flgapl> </flgapl>
        <fecliqu>0001-01-01</fecliqu>
        <flgviaj>N</flgviaj>
        <flgdmin>N</flgdmin>
        <callbac>N</callbac>
    </data>
</bsvrsp>