<?xml version="1.0" encoding="ISO-8859-1"?>
<bsvrsp><header><resultado>ok</resultado><nombre/><fecha/><hora/></header><data><resp_cod>00</resp_cod><debin_id>5R7ZG0QND0KWLE9EXYPOJK</debin_id><creacion>2019-05-13T09:02:00-03:00</creacion><vencimiento>2019-05-13T13:02:00-03:00</vencimiento><estado_cod/><estado_desc>ACREDITADO</estado_desc><concepto>VAR</concepto><id_usuario>0</id_usuario><id_comprobante>41091</id_comprobante><importe>100000.0</importe><moneda>ARP</moneda><descripcion>TipoCert: T - Plazo : 30 - Capital : 10000000</descripcion><evaluacion_puntaje>0</evaluacion_puntaje><evaluacion_reglas/><tipo>debin</tipo><preautorizado>false</preautorizado><id_operacion_original/><garantia_ok>true</garantia_ok><vendedor_cuit>30500010912</vendedor_cuit><vendedor_nombre>BANCO DE LA NACION ARGENTINA</vendedor_nombre><vendedor_terminal/><vendedor_cuenta_alias>NORTE.TEMA.VARA</vendedor_cuenta_alias><vendedor_cuenta_banco>COELSA</vendedor_cuenta_banco><vendedor_cuenta_cbu>0110599540000066934930</vendedor_cuenta_cbu><vendedor_cuenta_sucursal>0599</vendedor_cuenta_sucursal><vendedor_cuenta_moneda/><vendedor_cuenta_tipo/><vendedor_cuenta_numero>4000006693493</vendedor_cuenta_numero><vendedor_cuenta_es_titular>false</vendedor_cuenta_es_titular><comprador_cuit>20277343380</comprador_cuit><comprador_nombre>NESTOR GABRIEL CILIA</comprador_nombre><comprador_cuenta_cbu>0150902501000110757574</comprador_cuenta_cbu><comprador_cuenta_banco>ICBC</comprador_cuenta_banco><comprador_cuenta_sucursal>0902</comprador_cuenta_sucursal><comprador_cuenta_alias>NESTOR.CILIA-ICBC-CA</comprador_cuenta_alias><comprador_cuenta_moneda/><comprador_cuenta_tipo>01</comprador_cuenta_tipo><comprador_estado_cod>00</comprador_estado_cod><comprador_estado_desc>Adherido</comprador_estado_desc><comprador_cuenta_numero>0100011075757</comprador_cuenta_numero><comprador_cuenta_es_titular>false</comprador_cuenta_es_titular><resp_desc/></data></bsvrsp>