<?xml version="1.0" encoding="ISO-8859-1"?>
<bsvrsp><header><resultado>ok</resultado><nombre/><fecha/><hora/></header><data><resp_cod>00</resp_cod><debin_pag_sig>99</debin_pag_sig><general>
         <rowset>
            <count>1</count>
            <row>
               <debin_id>5R7ZG0QND0KWLE9EXYPOJK</debin_id>
               <vencimiento>2019-05-13T13:02:00-03:00</vencimiento>
               <estado_cod/>
               <estado_desc/>
               <concepto>VAR</concepto>
               <importe>100000.0</importe>
               <fecha_desde/>
               <fecha_hasta/>
               <id_operacion_original/>
               <devolucion>false</devolucion>
               <tipo>debin</tipo>
               <comprador_cuit>20277343380</comprador_cuit>
               <comprador_nombre>NESTOR GABRIEL CILIA</comprador_nombre>
               <comprador_cuenta_cbu/>
               <comprador_cuenta_alias/>
               <comprador_cuenta_banco/>
               <comprador_cuenta_sucursal/>
               <comprador_cuenta_moneda/>
               <comprador_cuenta_tipo/>
               <comprador_cuenta_numero/>
               <comprador_cuenta_fecha_alta/>
               <comprador_cuenta_es_titular>false</comprador_cuenta_es_titular>
               <vendedor_cuit>30500010912</vendedor_cuit>
               <vendedor_nombre>BANCO DE LA NACION ARGENTINA</vendedor_nombre>
               <vendedor_terminal/>
               <vendedor_cuenta_banco/>
               <vendedor_cuenta_cbu/>
               <vendedor_cuenta_sucursal/>
               <vendedor_cuenta_moneda/>
               <vendedor_cuenta_tipo/>
               <vendedor_cuenta_numero/>
               <vendedor_cuenta_fecha_alta/>
               <vendedor_cuenta_es_titular>false</vendedor_cuenta_es_titular>
            </row>
         </rowset>
      </general><resp_desc/></data></bsvrsp>