<?xml version="1.0" encoding="ISO-8859-1" ?>
<!--
<bsvrsp>
    <header>
        <resultado>ok</resultado>
                               <request_id>15dcb9fc-6d4f-446d-af6e-a42fdc5e2860</request_id>
                               <response_id>(1426618984031)</response_id>
                               <aviso>
                                               <codigo>003001</codigo>
                                               <mensaje>El usuario se logeo en forma exitosa.</mensaje>
                               </aviso>

    </header>
		<data>
                               <fecha_expiracion_clave>1540556905000</fecha_expiracion_clave>
                </data>

</bsvrsp>
-->
<!--
<bsvrsp>
    <header>
        <nombre>corporate_01</nombre>
        <fecha>01082013</fecha>
        <hora>122743</hora>
        <resultado>ok</resultado>
		<aviso>
			<codigo>003002</codigo>
		    <mensaje>Ir a banelco</mensaje>
	   </aviso>
    </header>
    <data>        
    </data>
</bsvrsp>
-->
<!--
<bsvrsp>
    <header>
        <nombre>corporate_01</nombre>
        <fecha>01082013</fecha>
        <hora>122743</hora>
        <resultado>ok</resultado>
		<aviso>
			<codigo>103007</codigo>
		    <mensaje>Preguntar error</mensaje>
	   </aviso>
    </header>
    <data>        
    </data>
</bsvrsp>
-->
<!--
<bsvrsp>
    <header>
        <nombre>corporate_01</nombre>
        <fecha>01082013</fecha>
        <hora>122743</hora>
        <resultado>ok</resultado>
		<aviso>
			<codigo>103004</codigo>
		    <mensaje>Password vieja incorrecta</mensaje>
	   </aviso>
    </header>
    <data>        
    </data>
</bsvrsp>
-->
<!--
<bsvrsp>
    <header>
        <nombre>corporate_01</nombre>
        <fecha>01082013</fecha>
        <hora>122743</hora>
        <resultado>ok</resultado>
		<aviso>
			<codigo>103008</codigo>
		    <mensaje>Password nueva con formato incorrecto</mensaje>
	   </aviso>
    </header>
    <data>        
    </data>
</bsvrsp>
-->

<bsvrsp>
    <header>
        <nombre>corporate_01</nombre>
        <fecha>01082013</fecha>
        <hora>122743</hora>
        <resultado>ok</resultado>
		<aviso>
			<codigo>103009</codigo>
		    <mensaje>Password ya utilizada. Historico</mensaje>
	   </aviso>
    </header>
    <data>        
    </data>
</bsvrsp>
