<?xml version="1.0" encoding="ISO-8859-1"?>

<bsvrsp>
    <header>
        <resultado>ok</resultado>
	   <request_id>15dcb9fc-6d4f-446d-af6e-a42fdc5e2860</request_id>
	   <response_id>(1426618984031)</response_id>
	   <aviso>
		   <codigo>005001</codigo>
		   <mensaje>Cambio ok de usuario</mensaje>
	   </aviso>
    </header>
	<data>
	   <request_id>ea800757-f5a8-462f-bdb7-634a9d86487e</request_id>
	   <response_id>(1509020895929)</response_id>
	</data>
</bsvrsp>

<!--
<bsvrsp>
    <header>
        <nombre>corporate_01</nombre>
        <fecha>01082013</fecha>
        <hora>122743</hora>
        <resultado>ok</resultado>
		<aviso>
			<codigo>105007</codigo>
		    <mensaje>Politica de usuario invalido. El formato del nombre de usuario es incorrecto</mensaje>
	   </aviso>
    </header>
    <data>        
    </data>
</bsvrsp>
-->
<!--
<bsvrsp>
    <header>
        <nombre>corporate_01</nombre>
        <fecha>01082013</fecha>
        <hora>122743</hora>
        <resultado>ok</resultado>
		<aviso>
			<codigo>105006</codigo>
		    <mensaje>Nombre de usuario no disponible test</mensaje>
	   </aviso>
    </header>
    <data>        
    </data>
</bsvrsp>
-->