<?xml version="1.0" encoding="ISO-8859-1" ?> 
<imgsrvresp>
	<header>
		<resultado>ok</resultado> 
		<srv_id>instancia_01</srv_id> 
	</header>
	<data>
		<document>JVBERi0xLjQKJeLjz9MKMiAwIG9iago8PC9EZWNvZGVQYXJtczw8L0JsYWNrSXMxIHRydWUv Um93cyAxMDQvSyAtMS9Db2x1bW5zIDI4OD4+L1R5cGUvWE9iamVjdC9Db2xvclNwYWNlL0Rl dmljZUdyYXkvU3VidHlwZS9JbWFnZS9CaXRzUGVyQ29tcG9uZW50IDEvV2lkdGggMjg4L0xl bmd0aCAzMTEvSGVpZ2h0IDEwNC9GaWx0ZXIvQ0NJVFRGYXhEZWNvZGUvTWFzayBbMSAxIF0+ PnN0cmVhbQph+frUcYjH0PTk+YMLzuNf7bf+5w7BhzpCHIiz7e92jbBsrF97yc6P37emuQid WR2/HqC0P6RbTbxBFOpfYgb/vmyWU9N1CM7KEcm1NUqguR1Hoxts4YG0h/QxjMgZRsIhKg15 7kALTZLHJWBWThMOTic2XCUPb8HGjpxOUEb+yMXmtzGKusQXyeYqREQ1HMkpolc61jUTFuV6 ioYu6AsKeonLfoqSgTm5JKLtzglbRjTPPFh2OtU2ycEubReV3AiZYXPsCuaO91GqzpTw+BIh ZJCdYe6d5RHRYz84lukvigl4SS87DQRvE5Do6s2A86FuWSDu3fDjpiZzVqMFa0ghSxnkaBm7 rbuYc2Li7eC6gyrjuMcnNL6wEZL0+SEhxEpwkazMcmp3l0Ki1qIWj2vFxYUbq1UKXgplbmRz dHJlYW0KZW5kb2JqCjQgMCBvYmoKPDwvTGVuZ3RoIDExOTgvRmlsdGVyL0ZsYXRlRGVjb2Rl Pj5zdHJlYW0KJHN70CmwNTAZ82JRAAssKeysxZrW6qD0P2sKhMY/l1EKUCAyCYNbUq/nkH5G 4ws8SHMG+HKfs18xWM8fcW3sNmL+i7HQLACVeZfPEvBj0KBCk/Fcxf6Cki5Yvryl0L1+QUGo /YOq/TtyyMxh8YZEkkA0eXRjC8K2pAMGuNZ1wsu/wOcLrtKgUtf8DPSG0bLjAU4+8ZHcC9Ad g7KFMkpb80DYOMhHJoLyXQJDrWym8HkIc2K3DiFNpx+T+BnJifeIT6I+FxW8d34iXwC7VqUM bSvrX9Vfp3onbRhFBo8OVu2k8DT+WwLPBwndPOwde/myRSlOJR5JUpX5bnykQvi0vab8BRKf zo/NGfoa7xP0HV+IdVrNavhhk9vSCy8bFV+CPTLHrR1VwEiPSml9s0dWtewJx06OYKds2Xms O/OXfR8NBbYmtYCf7W3RnW5UvjViw2fYwa6ARtZ8jZTKg6t5rqWCgO/XLKGz6kFy79HEZ9Ap 8XUlmvi7Cm0qP4IVu7qNDXbpy/w/1deshr0I9Rk350Ar/ceXtETDsUp2U6TDsG0YR7WPE3Ku DcKknM6+qvZInD1OoxRF5rGa6o0U8VUnfPhQ+qn2402IC+JfnT9ejBjspeaz3g17i9KP2BZB HC7b3HHPs2mRlUnZlipSheWr9dPG8gQXI5JZ6aogZmPBl3Nq9Ucr+bP0cGI0AOi/fNt0Td+w WaPmzqMPM1dsQGMVwFWLGzrsPpgcxk/bTYR4KTCJ7kKwCMwpkIxAMKLT9ioAekZW5K/VQVrV aGhf26gv3TbriATqZ+IcznCvrPqCmguM+MR89twloWpe+PKoX6WKGbBiRewF+i+kfQY7UzwB 6Hl6TuAx89xlaJZ0ezfKLwthWUNPVuv1RB3qwMncJO24uPDIfC3OjH+AX/jiIiLY8ufYpM9Y GUcmPGeLU2+yn+zYiqgPDOe33iW7/499rAYRgzX6ODel+QoeyPE7toOioRdafuHizxyYMO1e joYd/SicqkdJLKjmn5FnJmMe7R86WXKerJt1nLH8Y2PGqgFv8IzjpsF6ge7jbFfaCgq3AYK0 TPYHPEINAu3n05F6g16ur+b5wyC6BTNKdMVtaec9xwa4Sx2D2YBPE3XZqlQLfmjPp3+2Rk3P EfXztlgsPLpLqYHE57p5G4ko942AkGJIzRiwHdbDwL4IN2AC5Elnp8dM9Li94nxlv76FUPqM fLbD2n6BgXPi1VJJPWHthhLzr4VKVI8EEAgItUmTOG7gcLPedAhhTyV/QA35MpC8bLPHW7RK +HvAzPBfzg7+tz02Qifza1YjHJbXzNzdvdnmZmTkT5J56fA30dAnES1KzSOqoLOzbTIa4HuX VqGbUlHhzWR9ivw/LSBp+1qpFYw19NWS6zxVeckRLsUlDF8PEJvsu9GhE/oD9uhvpR9qS1DJ oSeRZ8pq964Akuz70NkSUjH6bl38ZpbhqRQ6x5opxWNhO5gEMna/YhcJIj/rWB1QbPLnpQTZ s3sInnzwe19A+LcnlDzkjimawZTP/sB6B7tINRstMHAxCsuEqMja8PCP2ONp6p6QlV81r1R7 YTeAsXrHFk/Q8pM/+4ZdMHlkawplbmRzdHJlYW0KZW5kb2JqCjYgMCBvYmoKPDwvUGFyZW50 IDUgMCBSL0NvbnRlbnRzIDQgMCBSL1R5cGUvUGFnZS9SZXNvdXJjZXM8PC9YT2JqZWN0PDwv aW1nMCAyIDAgUj4+L1Byb2NTZXQgWy9QREYgL1RleHQgL0ltYWdlQiAvSW1hZ2VDIC9JbWFn ZUldL0ZvbnQ8PC9GMSAxIDAgUi9GMiAzIDAgUj4+Pj4vTWVkaWFCb3hbMCAwIDY0MC4yIDc5 Ml0+PgplbmRvYmoKMSAwIG9iago8PC9CYXNlRm9udC9IZWx2ZXRpY2EvVHlwZS9Gb250L0Vu Y29kaW5nL1dpbkFuc2lFbmNvZGluZy9TdWJ0eXBlL1R5cGUxPj4KZW5kb2JqCjMgMCBvYmoK PDwvQmFzZUZvbnQvQ291cmllci9UeXBlL0ZvbnQvRW5jb2RpbmcvV2luQW5zaUVuY29kaW5n L1N1YnR5cGUvVHlwZTE+PgplbmRvYmoKNSAwIG9iago8PC9JVFhUKD3PdVeUKS9UeXBlL1Bh Z2VzL0NvdW50IDEvS2lkc1s2IDAgUl0+PgplbmRvYmoKNyAwIG9iago8PC9UeXBlL0NhdGFs b2cvUGFnZXMgNSAwIFI+PgplbmRvYmoKOCAwIG9iago8PC9Qcm9kdWNlcih2Ibt5I5X/mKl5 +0OgX6UfQmn6lQs9TpYn9CkvTW9kRGF0ZShbT+wxZo36hahh/Fa5BLlcYl5ccvrqby0rKS9D cmVhdGlvbkRhdGUoW0/sMWaN+oWoYfxWuQS5XGJeXHL66m8tKyk+PgplbmRvYmoKOSAwIG9i ago8PC9VICjsrkpAaGWW8Xv8/8p1OQTYmJBRbkDG+OpTXGZQ8aK6vbEpL1YgMS9PIChcbrdp mt8yx9BarxJNo1H38op+M9eJXHQkYrscEacUR0blKS9QIC02MC9GaWx0ZXIvU3RhbmRhcmQv UiAyPj4KZW5kb2JqCnhyZWYKMCAxMAowMDAwMDAwMDAwIDY1NTM1IGYgCjAwMDAwMDIwMTAg MDAwMDAgbiAKMDAwMDAwMDAxNSAwMDAwMCBuIAowMDAwMDAyMDk4IDAwMDAwIG4gCjAwMDAw MDA1NTMgMDAwMDAgbiAKMDAwMDAwMjE4NCAwMDAwMCBuIAowMDAwMDAxODE5IDAwMDAwIG4g CjAwMDAwMDIyNDcgMDAwMDAgbiAKMDAwMDAwMjI5MiAwMDAwMCBuIAowMDAwMDAyNDI0IDAw MDAwIG4gCnRyYWlsZXIKPDwvUm9vdCA3IDAgUi9JRCBbPDNkZGI1ZWY5YTE3YjA1YmU4NWI0 NjU4ZWI2NGJlZTU2Pjw1NDFkZDdiOWU2Yjk1Y2YzMDhmNjVlMmIxODEyZDBjMz5dL0VuY3J5 cHQgOSAwIFIvSW5mbyA4IDAgUi9TaXplIDEwPj4Kc3RhcnR4cmVmCjI1NTEKJSVFT0YK
		</document>
		<milestone>1</milestone> 
	</data>
</imgsrvresp>