<?xml version="1.0" encoding="ISO-8859-1" ?> 
<imgsrvresp>
	<header>
		<resultado>ok</resultado> 
		<srv_id>instancia_04</srv_id> 
	</header>
	<data>
		<document>JVBERi0xLjQKJeLjz9MKMSAwIG9iago8PC9EZWNvZGVQYXJtczw8L0JsYWNrSXMxIHRydWUv Um93cyAxMDQvSyAtMS9Db2x1bW5zIDI4OD4+L1R5cGUvWE9iamVjdC9Db2xvclNwYWNlL0Rl dmljZUdyYXkvU3VidHlwZS9JbWFnZS9CaXRzUGVyQ29tcG9uZW50IDEvV2lkdGggMjg4L0xl bmd0aCAzMTEvSGVpZ2h0IDEwNC9GaWx0ZXIvQ0NJVFRGYXhEZWNvZGUvTWFzayBbMSAxIF0+ PnN0cmVhbQpcKnXWnyHK7dXCU0A8mCPXvR384o+dfx6AZACefn+Qc0Em1pxX/WCSVPveYRGD J4Dg60Bhk7RmaqCMAKLth57HD8/nAnKPdi4q0obPvS8j43KQGjIAgxHdsqpuAfowlUd8dGh3 lK5R/0xpXW2iJlV6DbsZ/9/9zQej9VZjzrftIO4INBNVvoXPg2Wbf/HqN2XdJdGIeVnXkMgQ GlK9KdHnlrEqHc6iZu3RlktwfwX2/+Y9WLzYFDiuuoh5Cpjha1J6IeoT1KbHpx7bz2b+dJzx 37UZinaosIJ0cVWj4OdpXN3V91IZHVX5HVN9StTZNYfYIkPJATmVqqvTt3UqQvdmpJAB8iSp r3Em9cDDWF/mRN+mjwBzrlSEtaOj6R0scmLIxEYGQNks8RJLWHMtmKtI/DRn0ExutwplbmRz dHJlYW0KZW5kb2JqCjQgMCBvYmoKPDwvTGVuZ3RoIDEwOTYvRmlsdGVyL0ZsYXRlRGVjb2Rl Pj5zdHJlYW0K95VjHZsJnnyilvQmZolw65/e7t5mWX/D4V6DN5zestiHj1H8CSe3sIyc1aFx U1CRh7B6pSHDL5nw8C0ktTH8nAN24QHSWa8cdKwk2wIIm1X7xvrhHrQ4xuys1uXEnGZM9FPX 9xqvcBXYhux0X6t7Z3Y4+/OtEP7rc/ebJKINqzezTxZMlwCp2pVo5fPcBUghwbWPXZ4CJuu7 58CT7y9S01MKW49i+Pdmd7X04BWZjtdBfS4hqR9YOOLF7h3xSY62+vkQ2+AqLIv0X45rQKsE A4L51ak+rnqABwPp34e/QciBQyec+l4NPnidDi/gPS1enBefMLwUx8RccF88stWxQxEAavWx aGkoDTNPctdlnUC1pETQjCmIP2byXGYK0Gqp1Drw0sKQ5ja5HSPwdJRxPw/AaTO02+Nl0Q3e l0hartObTIA65Pk8fyfqvFpW6JBQH3VVP+BUelBKnzsJuseEeVAmEbv2nbRLtkrZRa62TaBL rAcgBDzhsMJd2lztMniwN52TBKnmCN2eRFJA+7jgC3Ez88I3ZfkFp2hYdUJ7DfvUKLSzLxS7 knp+uxN7xZV1eWFEwhscbEe1NwxfVGU2xQv/F4Bn8aN9df6OtqPta2vePcpmNvzVDwmHp/+a KfH0bKT5SUzmwEPmqDZchPiHO5D+Fvh3D+PkIH1B2sDFWwWXbhJ7qojar3SurYSDBBEtffiy 92Eb4R4ypoG9rQ51Zo43tm/8vx91MjR/PqY85PPqgVD8LpFB8nmHzLOf8A7srp9FWUUf7zod JzD165D5Z9X4MnSy8LPj/fJdPmcjoOl/wGf3ErhaKw2rvcjUMC7zKY3wHnY58Rlxjmp2nma5 RhNOcXBb0+1DscKjMeK4HpDOguzvIZ2Aw2NzK2Q1I8YpHevQ7WtWOetSqS7CIAEyd4ibzMQv qyxdW8ymdJlfbO7t2JVeI22kWsNy2hA37yD1i6n69eA5wE600Na+hgNYdY40yUoIh3Jpy3++ dBNJzr0adZCRxSSfsP9h0D0SylXWh//BfqS20Ibhr3ZiHbeZBQGyCCiH4hcPIm2h5DLBcy3j qu46fQHpN8A1FG5RMtYPQdb4IS+zwd3dbeUMOgRyKfeAr1yoIV9PvI0LNThNY8fTUqbZ8xcL ryycQZtOTgTLauR7dZSvNsNrsbHNuLb1rpcFX2WQ+EMN0nCHw++C/vh3LDNaamkVWXxHfuuQ eoL/WCsgU57kJasGjr5ub7Tz0uBGw3cljN7to7xVRmxal+nsFC4GFDyhD6oB/vWs5R4EJGhg PJmB/ZIQ2nTYYQxoh+nw+eNJMFQZtm62EHFiQWRDoiK6FA4cfm+MRzVEXVi40NBxhF3237UE Gbb657kbhd/5TRbMvOhpDfOoiOAIdZK363E+wHRv5xX1y3Y74WU8ExIvfV5QmxTiEGxj8tIB ofICozveryS6cIREv5pNfLEjo5QhDrNbdgplbmRzdHJlYW0KZW5kb2JqCjYgMCBvYmoKPDwv UGFyZW50IDUgMCBSL0NvbnRlbnRzIDQgMCBSL1R5cGUvUGFnZS9SZXNvdXJjZXM8PC9YT2Jq ZWN0PDwvaW1nMCAxIDAgUj4+L1Byb2NTZXQgWy9QREYgL1RleHQgL0ltYWdlQiAvSW1hZ2VD IC9JbWFnZUldL0ZvbnQ8PC9GMSAyIDAgUi9GMiAzIDAgUj4+Pj4vTWVkaWFCb3hbMCAwIDYz My4zIDc5Ml0+PgplbmRvYmoKMiAwIG9iago8PC9CYXNlRm9udC9IZWx2ZXRpY2EvVHlwZS9G b250L0VuY29kaW5nL1dpbkFuc2lFbmNvZGluZy9TdWJ0eXBlL1R5cGUxPj4KZW5kb2JqCjMg MCBvYmoKPDwvQmFzZUZvbnQvQ291cmllci9UeXBlL0ZvbnQvRW5jb2RpbmcvV2luQW5zaUVu Y29kaW5nL1N1YnR5cGUvVHlwZTE+PgplbmRvYmoKNSAwIG9iago8PC9JVFhUKCGZMjvXKS9U eXBlL1BhZ2VzL0NvdW50IDEvS2lkc1s2IDAgUl0+PgplbmRvYmoKNyAwIG9iago8PC9UeXBl L0NhdGFsb2cvUGFnZXMgNSAwIFI+PgplbmRvYmoKOCAwIG9iago8PC9Qcm9kdWNlcigFhJz9 I9dSisvgFml9gTYl9EWXrlUbSbK51ykvTW9kRGF0ZShcKOrLtWbPV5fK+BF8YdIvNOghl9Ex CywpL0NyZWF0aW9uRGF0ZShcKOrLtWbPV5fK+BF8YdIvNOghl9ExCywpPj4KZW5kb2JqCjkg MCBvYmoKPDwvVSAoT78m15Kj88/233EkRbjjAuzgNJZ35qyV4A8ZbnWNNz0pL1YgMS9PICiN O4yai5WdWYtdxrw5zr/TLLT/TNEz4Ws7X92O5G5RtykvUCAtNjAvRmlsdGVyL1N0YW5kYXJk L1IgMj4+CmVuZG9iagp4cmVmCjAgMTAKMDAwMDAwMDAwMCA2NTUzNSBmIAowMDAwMDAwMDE1 IDAwMDAwIG4gCjAwMDAwMDE5MDggMDAwMDAgbiAKMDAwMDAwMTk5NiAwMDAwMCBuIAowMDAw MDAwNTUzIDAwMDAwIG4gCjAwMDAwMDIwODIgMDAwMDAgbiAKMDAwMDAwMTcxNyAwMDAwMCBu IAowMDAwMDAyMTQ1IDAwMDAwIG4gCjAwMDAwMDIxOTAgMDAwMDAgbiAKMDAwMDAwMjMyMCAw MDAwMCBuIAp0cmFpbGVyCjw8L1Jvb3QgNyAwIFIvSUQgWzw2OGFmYzMzMTZlMzNiZmIxOGI5 M2QyMTQ4MDFjODVmNT48YTkyMmQ2MDFjYWUzOGNmNjk1ODE5MTUwYWNlYWY5ZTY+XS9FbmNy eXB0IDkgMCBSL0luZm8gOCAwIFIvU2l6ZSAxMD4+CnN0YXJ0eHJlZgoyNDQ0CiUlRU9GCg==</document> 
		<milestone>1</milestone> 
	</data>
</imgsrvresp>