<?xml version="1.0" encoding="ISO-8859-1" ?> 
<imgsrvresp>
	<header>
		<resultado>ok</resultado> 
		<srv_id>instancia_04</srv_id> 
	</header>
	<data>
		<document>
			JVBERi0xLjQKJeLjz9MKMSAwIG9iago8PC9EZWNvZGVQYXJtczw8L0JsYWNrSXMxIHRydWUv Um93cyAxMDQvSyAtMS9Db2x1bW5zIDI4OD4+L1R5cGUvWE9iamVjdC9Db2xvclNwYWNlL0Rl dmljZUdyYXkvU3VidHlwZS9JbWFnZS9CaXRzUGVyQ29tcG9uZW50IDEvV2lkdGggMjg4L0xl bmd0aCAzMTEvSGVpZ2h0IDEwNC9GaWx0ZXIvQ0NJVFRGYXhEZWNvZGUvTWFzayBbMSAxIF0+ PnN0cmVhbQqwr2XqZG/CssPhBLfjYgv5MWKVuEVsI1d4noooxfLucGQ5BBaeXZZAvcfX7FWQ 3W0BOL+rnZaCYTh7eOtxIlEC4DUPL0HYLzfAdVNn5oooNX4b07uGDdyQrR2VVqebrb6sIGKB C1T7lLi9MscGLIkEdTC4uZcnqRd7bVhN05vqeHwVzwdNW5XAT77MtlDGLLWah9ZX0SG+kF2h 0C3rGE2DCe3genohK/TNGjiN05Oxt2FxMHUjox+WKp/20pU1Ux6gmGuzfcu0RZ7rxVEEdGzO ZLRjjWBXZIyiXIzHI5xg5aGOqipVlj5PGxlvTZALXgm38Et/LauSWBT8h5eoyc5qYTOg9cSD 7G/rC4OCZ2UQmgNoqSHs2bPcfoV99kCFFtRqXqJPMBu0IcXwsRpRrsnVWigk+Y7Y9AplbmRz dHJlYW0KZW5kb2JqCjQgMCBvYmoKPDwvTGVuZ3RoIDkwMi9GaWx0ZXIvRmxhdGVEZWNvZGU+ PnN0cmVhbQpS82YW8meCMfCZz33WWQYj5I35fWRPa0ze/qL5YW259ceUtPumb47NHLH7BRYu D58rJNot/QYppTgWUwAn/Ceuu0/95PHMs537JuU9RArelxsLu/56nRO3gxO7A7Y5nFB03Zxo YNGxXPr5v5ODlItHIBeAvGHnvPhjudlJL/RpuZ98UWLM9DpGXPiHhG11hC295Y1IyVAGX2Lj njmHbI/cBmAz0nel5/tKtVqkGEXyR8U+DIoc0TZRCBuWyxlJhfliO6la++lPZssAqbwZX6TU ogBzZQtiu1MQnBFnqjzrMjiWIqdFe6XMcK0JbZ366dWgUtedvjH7Zh09sLk/V9x17YPGGhSY Y2sOTzGidjzlkQu9dnOHcz7TIHrkf9dWdqIjPkNJp5DAOpQw2lGNwPQMMv4nV/Sie4Nare41 hzbcq9wNCBNniVaIqvW4cGJSTZEGfye1zmTQQGQhacV2IBJdy+4wTWqq74q0YpYmU4DKvVT1 sPxzanYmPw0AYtRJEr1aFq051dU/R+KG0/VpQGPM2tOVQUWARec+s9kL/HRMkyDOmUKgXdlu wDdIqQ9msM3ZJg6fmYIbxbvkQ9kuF+ruP5J6WCYscYVoBWSktbOiPpjYjqrajlmXm4kaF1Dc y7j+gw/E8OaxIRC2p2lsfBysb1C+O03qfKhRP77vfHqOJhOxXQ8t3IgTuoCCHvzJIf+iHUNh okne9Pug5y4shProaCU4vwZeP0V8vg7FnVDW9E/rg08TxbhTXwSW+NkBPl5pDWPdwi2OCNJe ZIYQWHX8ZxwShGFUVruMPQNXyrTOeEQL9ys7zCgQo6C/M/k4uRG+QpStPCoYqh6S/XDJ7jR5 /uA7UB6dZzIS0LKdqPNZ/ghz2KTR5nkDw1e9BOtue2hJHNOWDtYgvBn8u+AlEFPQh5Qwp7Ru Lam5wQFvdmgG856lda73lhZK99XqgiiITmBHu0CGZsFUz469Sr3tCGE+8NM8qwOYtnRknHNL 0x4Ud1dAnBy+msSb0g/NVeNhYrbLrU4jgqLiBR5KP7XIoJ2r/NP7H6PYv5yt9Rqbk85oYKOu xTvtc6V6orYmxGaP+K51qg2c8FhYEy266Si6Az6/i1KjLfbRhrJQfwkgOI7nnKxpdPzKAPvt w9gvQddtbSiJt2L0w0ZWsOLk2w+Th1neG1JHdvfEWVcNiXz/PFlWiNWKr55JAQplbmRzdHJl YW0KZW5kb2JqCjYgMCBvYmoKPDwvUGFyZW50IDUgMCBSL0NvbnRlbnRzIDQgMCBSL1R5cGUv UGFnZS9SZXNvdXJjZXM8PC9YT2JqZWN0PDwvaW1nMCAxIDAgUj4+L1Byb2NTZXQgWy9QREYg L1RleHQgL0ltYWdlQiAvSW1hZ2VDIC9JbWFnZUldL0ZvbnQ8PC9GMSAyIDAgUi9GMiAzIDAg Uj4+Pj4vTWVkaWFCb3hbMCAwIDYzMy4zIDc5Ml0+PgplbmRvYmoKMiAwIG9iago8PC9CYXNl Rm9udC9IZWx2ZXRpY2EvVHlwZS9Gb250L0VuY29kaW5nL1dpbkFuc2lFbmNvZGluZy9TdWJ0 eXBlL1R5cGUxPj4KZW5kb2JqCjMgMCBvYmoKPDwvQmFzZUZvbnQvQ291cmllci9UeXBlL0Zv bnQvRW5jb2RpbmcvV2luQW5zaUVuY29kaW5nL1N1YnR5cGUvVHlwZTE+PgplbmRvYmoKNSAw IG9iago8PC9JVFhUKL/yGt1rKS9UeXBlL1BhZ2VzL0NvdW50IDEvS2lkc1s2IDAgUl0+Pgpl bmRvYmoKNyAwIG9iago8PC9UeXBlL0NhdGFsb2cvUGFnZXMgNSAwIFI+PgplbmRvYmoKOCAw IG9iago8PC9Qcm9kdWNlcih0spyadg+SpFBcYjNesMrSRXYFklrxeuGrzfIpL01vZERhdGUo WdzL0jMXl7lREDRLrJrKU2phkiWVaoQpL0NyZWF0aW9uRGF0ZShZ3MvSMxeXuVEQNEusmspT amGSJZVqhCk+PgplbmRvYmoKOSAwIG9iago8PC9VICiYLmOjrhDm5MRi4IG56lhFL3TSzo3p 7kPrdGRs+LZtySkvViAxL08gKMHyYy6dsTe78bCtIqOjOKQbmUSnBFwpTurCWNkwDusDSCkv UCAtNjAvRmlsdGVyL1N0YW5kYXJkL1IgMj4+CmVuZG9iagp4cmVmCjAgMTAKMDAwMDAwMDAw MCA2NTUzNSBmIAowMDAwMDAwMDE1IDAwMDAwIG4gCjAwMDAwMDE3MTMgMDAwMDAgbiAKMDAw MDAwMTgwMSAwMDAwMCBuIAowMDAwMDAwNTUzIDAwMDAwIG4gCjAwMDAwMDE4ODcgMDAwMDAg biAKMDAwMDAwMTUyMiAwMDAwMCBuIAowMDAwMDAxOTUwIDAwMDAwIG4gCjAwMDAwMDE5OTUg MDAwMDAgbiAKMDAwMDAwMjEyNCAwMDAwMCBuIAp0cmFpbGVyCjw8L1Jvb3QgNyAwIFIvSUQg Wzw5ZDVhNTM1MWEzNDlhNGM2NWRlY2I1MmRlNDUzMTkyNz48ODY5NWM4ODU5MjI2ZWQwNDYx YjAwYTAyMDgyMzRkYTc+XS9FbmNyeXB0IDkgMCBSL0luZm8gOCAwIFIvU2l6ZSAxMD4+CnN0 YXJ0eHJlZgoyMjQ5CiUlRU9GCg==
		</document> 
		<milestone>1</milestone> 
	</data>
</imgsrvresp>