<?xml version="1.0" encoding="ISO-8859-1"?>
<bsvrsp>
    <header>
        <nombre>corporate_01</nombre>
        <fecha>21112017</fecha>
        <hora>163921</hora>
        <resultado>ok</resultado>
    </header>
    <data>
        <tipodoc>04</tipodoc>
        <nrodoc>0000022672467</nrodoc>
        <numcli> </numcli>
        <tarjeta> </tarjeta>
        <pin>0000</pin>
        <numclie>02943699</numclie>
        <nombre>TEVRU ERAGEMCLU</nombre>
        <priape>RYDFALY</priape>
        <cuit>0020226724673</cuit>
        <oficial>00027</oficial>
        <direc>AV CNEL M DORREGO</direc>
        <indfisju>F</indfisju>
        <nro>02450</nro>
        <piso> </piso>
        <depto>304</depto>
        <localid>CIUDAD AUTONOMA BUENOS AIRES</localid>
        <codpost>1425</codpost>
        <codprov>C</codprov>
        <teltip>01</teltip>
        <telpref>011</telpref>
        <telcar>4623</telcar>
        <telnum>4321</telnum>
        <faxnum>00</faxnum>
        <email>PABLOLIC@GMAIL.COM</email>
        <fenacim>1972-05-26</fenacim>
        <pecnaci>080</pecnaci>
        <orgbkb>006</orgbkb>
        <segment>RAE</segment>
        <ofiape>0501</ofiape>
        <empreco> </empreco>
        <tipoact>0011</tipoact>
        <profesi>071</profesi>
        <tipoiva>03</tipoiva>
        <estado>01</estado>
        <condic>05</condic>
        <fealtcl>2009-01-13</fealtcl>
        <fulmodo>2015-07-13</fulmodo>
        <fulacpi>2017-11-21</fulacpi>
        <fulmopi>2017-05-29</fulmopi>
        <estadpi>1</estadpi>
        <cantacc>000</cantacc>
        <modo>T</modo>
        <verdocu>00</verdocu>
        <sexo>M</sexo>
        <calibcra> </calibcra>
        <tipodocpri>04</tipodocpri>
        <nrodocpri>0000022672467</nrodocpri>
        <cantprod>09</cantprod>
        <general>
            <rowset>
                <count>9</count>
                <row>
                    <descrip>CA $</descrip>
                    <nroprod>00150501000126833740</nroprod>
                    <nronoalt>00000050120113651610</nronoalt>
                    <subprod>0304</subprod>
                    <saldo_dispue>+00004583811</saldo_dispue>
                    <limite>+00000000000</limite>
                    <saldo_dispon>+00004583811</saldo_dispon>
                    <org_prod>006</org_prod>
                    <seg_prod>RAE</seg_prod>
                    <divisa>ARP</divisa>
                    <estprod> </estprod>
                </row>
                <row>
                    <descrip>CA U$S</descrip>
                    <nroprod>00150501001113023283</nroprod>
                    <nronoalt>00021450135373850500</nronoalt>
                    <subprod>0002</subprod>
                    <saldo_dispue>+00000095067</saldo_dispue>
                    <limite>+00000000000</limite>
                    <saldo_dispon>+00000095067</saldo_dispon>
                    <org_prod>006</org_prod>
                    <seg_prod>RAE</seg_prod>
                    <divisa>USB</divisa>
                    <estprod> </estprod>
                </row>
                <row>
                    <descrip>CTAVIS</descrip>
                    <nroprod>00150501003510535449</nroprod>
                    <nronoalt>00000000000359788826</nronoalt>
                    <subprod> </subprod>
                    <saldo_dispue>+00000000000</saldo_dispue>
                    <limite>+00000000000</limite>
                    <saldo_dispon>+00000000000</saldo_dispon>
                    <org_prod>006</org_prod>
                    <seg_prod>RAE</seg_prod>
                    <divisa> </divisa>
                    <estprod> </estprod>
                </row>
                <row>
                    <descrip>VISA</descrip>
                    <nroprod>00150501003711773618</nroprod>
                    <nronoalt>00004423120000024353</nronoalt>
                    <subprod> </subprod>
                    <saldo_dispue>+00000000000</saldo_dispue>
                    <limite>+00000000000</limite>
                    <saldo_dispon>+00000000000</saldo_dispon>
                    <org_prod> </org_prod>
                    <seg_prod> </seg_prod>
                    <divisa> </divisa>
                    <estprod>00</estprod>
                </row>
                <row>
                    <descrip>VISA</descrip>
                    <nroprod>00150549003811060290</nroprod>
                    <nronoalt>00004864220004087798</nronoalt>
                    <subprod> </subprod>
                    <saldo_dispue>+00000000000</saldo_dispue>
                    <limite>+00000000000</limite>
                    <saldo_dispon>+00000000000</saldo_dispon>
                    <org_prod> </org_prod>
                    <seg_prod> </seg_prod>
                    <divisa> </divisa>
                    <estprod>00</estprod>
                </row>
                <row>
                    <descrip>FCI</descrip>
                    <nroprod>00150501006610083447</nroprod>
                    <nronoalt>00120232009000000000</nronoalt>
                    <subprod> </subprod>
                    <saldo_dispue>+00000000000</saldo_dispue>
                    <limite>+00000000000</limite>
                    <saldo_dispon>+00000000000</saldo_dispon>
                    <org_prod> </org_prod>
                    <seg_prod> </seg_prod>
                    <divisa> </divisa>
                    <estprod> </estprod>
                </row>
                <row>
                    <descrip>BANE</descrip>
                    <nroprod>00150501007414841472</nroprod>
                    <nronoalt>45175100442383230001</nronoalt>
                    <subprod> </subprod>
                    <saldo_dispue>+00000000000</saldo_dispue>
                    <limite>+00000000000</limite>
                    <saldo_dispon>+00000000000</saldo_dispon>
                    <org_prod> </org_prod>
                    <seg_prod> </seg_prod>
                    <divisa> </divisa>
                    <estprod> </estprod>
                </row>
                <row>
                    <descrip>SEGURO</descrip>
                    <nroprod>00150046008712158994</nroprod>
                    <nronoalt>01000000000002249832</nronoalt>
                    <subprod> </subprod>
                    <saldo_dispue>+00000000000</saldo_dispue>
                    <limite>+00000000000</limite>
                    <saldo_dispon>+00000000000</saldo_dispon>
                    <org_prod> </org_prod>
                    <seg_prod> </seg_prod>
                    <divisa> </divisa>
                    <estprod> </estprod>
                </row>
                <row>
                    <descrip>SEGURO</descrip>
                    <nroprod>00150501008710653060</nroprod>
                    <nronoalt>02000000000000848254</nronoalt>
                    <subprod> </subprod>
                    <saldo_dispue>+00000000000</saldo_dispue>
                    <limite>+00000000000</limite>
                    <saldo_dispon>+00000000000</saldo_dispon>
                    <org_prod> </org_prod>
                    <seg_prod> </seg_prod>
                    <divisa> </divisa>
                    <estprod> </estprod>
                </row>
            </rowset>
        </general>
    </data>
</bsvrsp>