<?xml version="1.0" encoding="ISO-8859-1" ?> 
<imgsrvresp>
	<header>
		<resultado>ok</resultado> 
		<srv_id>instancia_04</srv_id>
		<password>{CRP}79</password>
		<remote_host>bvsn</remote_host>
		<externo>si</externo>
		<sector>imgsrv_retail</sector>
		<usuario>userpr01</usuario>
		<canal>P@R</canal>
	</header>
	<data>
		<document>JVBERi0xLjQKJeLjz9MKMSAwIG9iago8PC9EZWNvZGVQYXJtczw8L0JsYWNrSXMxIHRydWUv Um93cyAxMDQvSyAtMS9Db2x1bW5zIDI4OD4+L1R5cGUvWE9iamVjdC9Db2xvclNwYWNlL0Rl dmljZUdyYXkvU3VidHlwZS9JbWFnZS9CaXRzUGVyQ29tcG9uZW50IDEvV2lkdGggMjg4L0xl bmd0aCAzMTEvSGVpZ2h0IDEwNC9GaWx0ZXIvQ0NJVFRGYXhEZWNvZGUvTWFzayBbMSAxIF0+ PnN0cmVhbQr40MrMR7HcLYydasquqdXn/YdZ7+FzpBZzjhkeI/xrqpOtXeSuILFDrFbqv0VU GfpA5h3UEOaVsfXcVZfmy3pXFczZA2IGp/T4yynQOZK6Nwph8W0tLZx+X59BJMCpT0mMrCPg JnjYwvitXGYuz0aMi3rW6y36v3IJ2SyMGB1RtK6jaBeQ3/n5uuJ+UE4EfZ1plNnc8mq32p4g GisvS6EJ7PoVB1DkPZsFNDXpNZqLu4YrE+ap3CI15RKTHBkSZdsMYEZYoA4P1VaaStQNKAm2 MinwtWBm0rvfJv3hfdnJo1nYYNJl6KQs10Hp8qqc4lu0e1YR7HMfJq4utGLnTd5WUZndnclB mMYefWiAiem8VYuiuuLGOBoMb0qM2LYDVXvU+Oje5hp5pvrCF/OOxaZQn9I6VPtqfgplbmRz dHJlYW0KZW5kb2JqCjQgMCBvYmoKPDwvTGVuZ3RoIDExMjEvRmlsdGVyL0ZsYXRlRGVjb2Rl Pj5zdHJlYW0KHxmbLyd6ffAFYrT1MKA9Vu98jT/rY3sK4BdbW816v5XZJaTWc0WOxzcfdfEU tQw9UHfWvJCdR5BpsssfaapxqpqtafCRHtHQsZyKdR4cO2XE4InJHh2nKQucMDCAFB4MGntG SRosfykKUqYzYvVlOtI4zLYt4RUb28P1LyyFfGwu3JA+qBOyEoB8hZ8lPTW0Vs7yNrSAw8Ux q9ymqKq6BTtC6oNRRkEFCkP6wynGGX3ccZKdb6rV+kQ2gvN07G5HzeCoQF0ZGgs6VfXei007 UAUevnGUtIhU4frN1gineUB8OWCI3t6wv9XKd9lt5Slb+N1YnyCwW1fLVXN+0DfBhc4LyE6H kHmWBdcD0SA+mHmbhWfx5+C8L0/2TRTLhsgdDzgNeekUjfhV58SF33xd2VN+IUZ9J4ZF/C3j ChEfegPKbME3utI5Rr/97hsRdCj97ZjVXVSEhwNpGRkXdStdWF9wLJtXDiSMxDq8yMsWe3Hd 4IB0Spmc8zZf7fqwI4eE9FJ4XY5jtfZ7NTALAG79tGl8QQau6gqpuoy8CQTyys7d6lB1ZmKh QdR7nafXGAiWJpUBOjh65YY1WXWRAaNeLjjkT35D1ZFyb3iojNVxMPD9wapvnGxZpHdrcPdG Eb8pC26rKxWQnl8DZeXcShTtkRz89i2qgZ09G9x57rJuRPXNJdU8EQOD6A8GuGx+fOnBM5bE PVDS5SGz5htHdsXFYraEWmJCsSm/s+RenuZYO6M3B9tdGiS/jtUsVxFtrBcxToXFGagyaHc7 eJCfTyJzRSdXBjhYBPaG5RFpFbZrb3BbhhMUYdV0gXGOgtJsORwk0SQbiWpowx5/UBQDHz1w r8dJrwf640Qcw+d30M9bUiPkn0hYZWDR1b8m2ryykIe8GVfwWBCulYwuOYB9l99PUhr7KZaL N4L7Rwxfs+xBEJr5jgWJCA7prhcZtbnmwMfvMphZWjwJUAUF78qMF8EMN2TTqKzd3XRUD8ZQ 89BJJF05KLAJcI6dNG9cOP2zduxWzL3qm4xEtxZ4/SgDr7veOjKTmMPw20b/HPUM9vyMMXda YT7spW/7ZCS4SiuL0umiUZDP+r9CEKEVGMwfFI4fnI7eyDjmN/x7RArktLyUtyFI9YJMct/S ltUv68W2KPWw3Ohtkz/F3KfxEnexFK4bb4TzNWUWpcRw+Ul0pttMRx8IkK+HJymeLBvpsIRH /w0VxVAUZ+BpO1zW8tD9sqmK4pRFD0hriupfb10aydMo3QnYLMqZA8hsuYW00dh54j5xrZR4 poDKJQ3ciC9+z+e8P5TR1MKLhJsI5U90qQFOLTGUFu78hzKfpRZF5//0zwiKx7H5SyaWfnWJ t2l0MlSPcpWI3Gri438DRP5FBTkAzxaStFYGbfEZSwG4tUafBRdbZ8H0I2+8kpExFFM1moH8 sO4L2CnWLFE7Cz2/XmEnTU4jvUtYTwTJN8SEJK30p1Oe/Fx9B3l/dO20jJa/b1fCW3wKZW5k c3RyZWFtCmVuZG9iago2IDAgb2JqCjw8L1BhcmVudCA1IDAgUi9Db250ZW50cyA0IDAgUi9U eXBlL1BhZ2UvUmVzb3VyY2VzPDwvWE9iamVjdDw8L2ltZzAgMSAwIFI+Pi9Qcm9jU2V0IFsv UERGIC9UZXh0IC9JbWFnZUIgL0ltYWdlQyAvSW1hZ2VJXS9Gb250PDwvRjEgMiAwIFIvRjIg MyAwIFI+Pj4+L01lZGlhQm94WzAgMCA2MzMuMyA3OTJdPj4KZW5kb2JqCjIgMCBvYmoKPDwv QmFzZUZvbnQvSGVsdmV0aWNhL1R5cGUvRm9udC9FbmNvZGluZy9XaW5BbnNpRW5jb2Rpbmcv U3VidHlwZS9UeXBlMT4+CmVuZG9iagozIDAgb2JqCjw8L0Jhc2VGb250L0NvdXJpZXIvVHlw ZS9Gb250L0VuY29kaW5nL1dpbkFuc2lFbmNvZGluZy9TdWJ0eXBlL1R5cGUxPj4KZW5kb2Jq CjUgMCBvYmoKPDwvSVRYVCjIaV5i4CkvVHlwZS9QYWdlcy9Db3VudCAxL0tpZHNbNiAwIFJd Pj4KZW5kb2JqCjcgMCBvYmoKPDwvVHlwZS9DYXRhbG9nL1BhZ2VzIDUgMCBSPj4KZW5kb2Jq CjggMCBvYmoKPDwvUHJvZHVjZXIoXCnl4854N+100j9KcJZluXxkkOtAWsKLot9GKS9Nb2RE YXRlKASLtIY9L+hp0ydNZIwwo2l49Os/PtLuKS9DcmVhdGlvbkRhdGUoBIu0hj0v6GnTJ01k jDCjaXj06z8+0u4pPj4KZW5kb2JqCjkgMCBvYmoKPDwvVSAobSwllMJpNcftUU/59Fxit6Sd Uvug0r+NzJP8ULKsC3ItKS9WIDEvTyAosuvQpjwxg75JiGbm9N2QunNH9L70fz6U1B9khgPc oFxiKS9QIC02MC9GaWx0ZXIvU3RhbmRhcmQvUiAyPj4KZW5kb2JqCnhyZWYKMCAxMAowMDAw MDAwMDAwIDY1NTM1IGYgCjAwMDAwMDAwMTUgMDAwMDAgbiAKMDAwMDAwMTkzMyAwMDAwMCBu IAowMDAwMDAyMDIxIDAwMDAwIG4gCjAwMDAwMDA1NTMgMDAwMDAgbiAKMDAwMDAwMjEwNyAw MDAwMCBuIAowMDAwMDAxNzQyIDAwMDAwIG4gCjAwMDAwMDIxNzAgMDAwMDAgbiAKMDAwMDAw MjIxNSAwMDAwMCBuIAowMDAwMDAyMzQ0IDAwMDAwIG4gCnRyYWlsZXIKPDwvUm9vdCA3IDAg Ui9JRCBbPGVkMTkxZTE0MWNjODMzZjI4NTkzYjBmYWExMDI4YWE3PjxhMjYxMTRiY2JlZWEz ZDllZDI0ODI2NWNiNjMzNjhlOD5dL0VuY3J5cHQgOSAwIFIvSW5mbyA4IDAgUi9TaXplIDEw Pj4Kc3RhcnR4cmVmCjI0NzAKJSVFT0YK</document> 
		<milestone>1</milestone> 
	</data>
</imgsrvresp>