<?xml version="1.0" encoding="ISO-8859-1"?>
<bsvrsp>
   <header>
       <nombre>corporate_02</nombre>
       <txid>85f901fb-ba46-4fbf-821e-4a50d291f2b5</txid>
       <fecha>01112017</fecha>
       <hora>142550</hora>
       <resultado>ok</resultado>
   </header>
   <data>
       <opcion>01</opcion>
       <canal>MOBILE</canal>
       <cliente>00198305</cliente>
       <fecha>2017-11-27</fecha>
       <moneda>ARP</moneda>
       <importe>444444444</importe>
       <respues>00</respues>
       <observa> </observa>
   </data>
</bsvrsp>