<?xml version="1.0" encoding="ISO-8859-1"?>
<bsvrsp>
    <header>
        <nombre>corporate_01</nombre>
        <fecha>07112017</fecha>
        <hora>151349</hora>
        <resultado>ok</resultado>
    </header>
    <data>
        <ccc>00150501000714030222</ccc>
        <ccceditada>0501/07140302/22</ccceditada>
        <codmoneda>ARP</codmoneda>
        <moneda>PESO</moneda>
        <ctaasociad></ctaasociad>
		<!--<ctaasociad>0501/02113548/56</ctaasociad>-->
        <ctachoice> </ctachoice>
        <fchaadhes> </fchaadhes>
        <cteadherido> </cteadherido>
        <dni> </dni>
        <nombre> </nombre>
        <general>
            <rowset>
                <count>1</count>
                <row>
                    <imposic>1</imposic>
                    <situac>ACT</situac>
                    <importe>0000001.000,00</importe>
                    <fecalta>280917</fecalta>
                    <fecvto>301017</fecvto>
                    <fecha_canc> </fecha_canc>
                    <tasa>15,80</tasa>
                    <frecliq>VENCI</frecliq>
                    <plazo>32</plazo>
                    <tarvig>1</tarvig>
                    <incvig>0,00</incvig>
                    <interes>000013,85</interes>
                    <certif>0</certif>
                </row>
				<row>
                    <imposic>2</imposic>
                    <situac>VENCI</situac>
                    <importe>0000001.000,00</importe>
                    <fecalta>280917</fecalta>
                    <fecvto>301017</fecvto>
                    <fecha_canc> </fecha_canc>
                    <tasa>15,80</tasa>
                    <frecliq>VENCI</frecliq>
                    <plazo>32</plazo>
                    <tarvig>1</tarvig>
                    <incvig>0,00</incvig>
                    <interes>000013,85</interes>
                    <certif>0</certif>
                </row>
				<row>
                    <imposic>3</imposic>
                    <situac>ACT</situac>
                    <importe>0000001.000,00</importe>
                    <fecalta>280917</fecalta>
                    <fecvto>301017</fecvto>
                    <fecha_canc> </fecha_canc>
                    <tasa>15,80</tasa>
                    <frecliq>VENCI</frecliq>
                    <plazo>32</plazo>
                    <tarvig>1</tarvig>
                    <incvig>0,00</incvig>
                    <interes>000013,85</interes>
                    <certif>0</certif>
                </row>
            </rowset>
        </general>
    </data>
</bsvrsp>