<?xml version="1.0" encoding="ISO-8859-1"?>
<bsvrsp>
    <header>
        <nombre>corporate_01</nombre>
        <fecha>15112017</fecha>
        <hora>152102</hora>
        <resultado>ok</resultado>
    </header>
    <data>
        <ccc>00150501000714288507</ccc>
        <primimpos>1</primimpos>
        <titular>GUZA EMPUMYU NALE I PULLAZ</titular>
        <ccccentro>0501</ccccentro>
        <ccceditada>07140302/22</ccceditada>
        <nroimpos>1</nroimpos>
        <direccion>AVDA 4 02446</direccion>
        <codmoneda>ARP</codmoneda>
        <moneda>PESO</moneda>
        <localidad>VILLA GESELL</localidad>
        <centroalta>0501</centroalta>
        <ctaasoc></ctaasoc>
        <transfer> </transfer>
        <situac>ACTIVA</situac>
        <fecalta>28/09/2017</fecalta>
        <importeini>1.000,00</importeini>
        <fecvto>30/10/2017</fecvto>
        <importeact>1.000,00</importeact>
        <feccancel> </feccancel>
        <frecliq>VENCIMIENTO</frecliq>
        <fecultren>28/09/2017</fecultren>
        <pzodias>32</pzodias>
        <fecproxliq>30/10/2017</fecproxliq>
        <tasavig>15,80%</tasavig>
        <fecultliq>28/09/2017</fecultliq>
        <tarifavig>1</tarifavig>
        <fecultper> </fecultper>
        <incremvig>0,00</incremvig>
        <impuestos>0,00</impuestos>
        <inttotal>13,85</inttotal>
        <sellado>0,00</sellado>
        <intabon>0,00</intabon>
        <tasamuni>0,00</tasamuni>
        <impperiodif>0,00</impperiodif>
        <netoacobr>1.013,85</netoacobr>
        <penaliz>0,00</penaliz>
        <grossingup>0,00</grossingup>
        <impret>0,00</impret>
        <transferib>NO</transferib>
        <renovvto>NO</renovvto>
        <tarifrenov>1</tarifrenov>
        <capintren>NO</capintren>
        <incrrenov>0,00</incrrenov>
        <sumaquita>0,00</sumaquita>
        <tasarenov>0,00%</tasarenov>
        <nrocert>0</nrocert>
        <tasatransf>0,0000</tasatransf>
        <canaloper>22</canaloper>
        <custcert>NO IMPRESO</custcert>
        <canalvta>026</canalvta>
        <nroopercan> </nroopercan>
        <codvend>MBR0001</codvend>
        <uvacapital> </uvacapital>
        <uvabase> </uvabase>
    </data>
</bsvrsp>