<?xml version="1.0" encoding="ISO-8859-1"?>
<bsvrsp>
    <header>
        <nombre>corporate_01</nombre>
        <txid>32d63512-5e55-4a75-8ac7-3ac4dd240ca3</txid>
        <fecha>04122017</fecha>
        <hora>122740</hora>
        <resultado>ok</resultado>
    </header>
    <data>
        <cliente>
            <rowset>
                <count>1</count>
                <row>
                    <numclien>00987223</numclien>
                    <codident>04</codident>
                    <claident>0000093282248</claident>
                    <cuit>0020932822483</cuit>
                    <secuident>00</secuident>
                    <version>1</version>
                    <sexo_sal>M</sexo_sal>
                    <priape>NALE I PULLAZ</priape>
                    <nombre>GUZA EMPUMYU</nombre>
                    <orgbkb>004</orgbkb>
                    <segmento>PMR</segmento>
                    <oficial>00501</oficial>
                    <tipifjur>F</tipifjur>
                    <fenacimi>1946-02-01</fenacimi>
                    <telefono>011  4444 3333</telefono>
                    <mail>NENECHO29@YAHOO.COM.AR</mail>
                    <resultado_clien> </resultado_clien>
                </row>
            </rowset>
        </cliente>
        <cuenta>
            <rowset>
                <count>14</count>
                <row>
                    <codiser_cta>01</codiser_cta>
                    <nroprod_cta>001505010132085688</nroprod_cta>
                    <razsoc_cta>GUZA EMPUMYU NALE I PULLAZ</razsoc_cta>
                    <estado_cta>A</estado_cta>
                    <subprod_cta>0001</subprod_cta>
                    <desrcsub_cta>CA $</desrcsub_cta>
                    <desacsub_cta>CAJA DE AHORRO EN PESOS TRIMES</desacsub_cta>
                    <saldo_cta>9972214,98</saldo_cta>
                    <acuerdo_cta>0,00</acuerdo_cta>
                    <resultado_cta>OK</resultado_cta>
                </row>
                <row>
                    <codiser_cta>01</codiser_cta>
                    <nroprod_cta>001505010132085781</nroprod_cta>
                    <razsoc_cta>GUZA EMPUMYU NALE I PULLAZ</razsoc_cta>
                    <estado_cta>A</estado_cta>
                    <subprod_cta>0001</subprod_cta>
                    <desrcsub_cta>CA $</desrcsub_cta>
                    <desacsub_cta>CAJA DE AHORRO EN PESOS TRIMES</desacsub_cta>
                    <saldo_cta>0,00</saldo_cta>
                    <acuerdo_cta>0,00</acuerdo_cta>
                    <resultado_cta>OK</resultado_cta>
                </row>
                <row>
                    <codiser_cta>02</codiser_cta>
                    <nroprod_cta>001505010201017058</nroprod_cta>
                    <razsoc_cta>NALE GUZA EMPUMYU I\U NALE ZOZEME VAEPLY</razsoc_cta>
                    <estado_cta>A</estado_cta>
                    <subprod_cta>0013</subprod_cta>
                    <desrcsub_cta>CC TRANS.</desrcsub_cta>
                    <desacsub_cta>CTA CTE TRANSAC</desacsub_cta>
                    <saldo_cta>3007,04</saldo_cta>
                    <acuerdo_cta>3000,00</acuerdo_cta>
                    <resultado_cta>OK</resultado_cta>
                </row>
                <row>
                    <codiser_cta>02</codiser_cta>
                    <nroprod_cta>001505010211354856</nroprod_cta>
                    <razsoc_cta>GUZA EMPUMYU NALE I PULLAZ</razsoc_cta>
                    <estado_cta>A</estado_cta>
                    <subprod_cta>0001</subprod_cta>
                    <desrcsub_cta>CC$</desrcsub_cta>
                    <desacsub_cta>CUENTA CORRIENTE EN PESOS</desacsub_cta>
                    <saldo_cta>7671,50</saldo_cta>
                    <acuerdo_cta>3000,00</acuerdo_cta>
                    <resultado_cta>OK</resultado_cta>
                </row>
                <row>
                    <codiser_cta>07</codiser_cta>
                    <nroprod_cta>001505010714288507</nroprod_cta>
                    <razsoc_cta>GUZA EMPUMYU NALE I PULLAZ</razsoc_cta>
                    <estado_cta>A</estado_cta>
                    <subprod_cta>0001</subprod_cta>
                    <desrcsub_cta>PF $</desrcsub_cta>
                    <desacsub_cta>PLAZO FIJO EN PESOS</desacsub_cta>
                    <saldo_cta>0,00</saldo_cta>
                    <acuerdo_cta>0,00</acuerdo_cta>
                    <resultado_cta>OK</resultado_cta>
                </row>
				<row>
                    <codiser_cta>07</codiser_cta>
                    <nroprod_cta>001505010714288507</nroprod_cta>
                    <razsoc_cta>GUZA EMPUMYU NALE I PULLAZ</razsoc_cta>
                    <estado_cta>A</estado_cta>
                    <subprod_cta>0001</subprod_cta>
                    <desrcsub_cta>PF $</desrcsub_cta>
                    <desacsub_cta>PLAZO FIJO EN PESOS</desacsub_cta>
                    <saldo_cta>0,00</saldo_cta>
                    <acuerdo_cta>0,00</acuerdo_cta>
                    <resultado_cta>OK</resultado_cta>
                </row>
                <row>
                    <codiser_cta>11</codiser_cta>
                    <nroprod_cta>001505011112588552</nroprod_cta>
                    <razsoc_cta>GUZA EMPUMYU NALE I PULLAZ</razsoc_cta>
                    <estado_cta>A</estado_cta>
                    <subprod_cta>0001</subprod_cta>
                    <desrcsub_cta>CA USB</desrcsub_cta>
                    <desacsub_cta>C AHORRO U$S TRIMESTRAL.</desacsub_cta>
                    <saldo_cta>0,00</saldo_cta>
                    <acuerdo_cta>0,00</acuerdo_cta>
                    <resultado_cta>OK</resultado_cta>
                </row>
                <row>
                    <codiser_cta>11</codiser_cta>
                    <nroprod_cta>001505011114278742</nroprod_cta>
                    <razsoc_cta>GUZA EMPUMYU NALE I PULLAZ</razsoc_cta>
                    <estado_cta>A</estado_cta>
                    <subprod_cta>0001</subprod_cta>
                    <desrcsub_cta>CA USB</desrcsub_cta>
                    <desacsub_cta>C AHORRO U$S TRIMESTRAL.</desacsub_cta>
                    <saldo_cta>75051,40</saldo_cta>
                    <acuerdo_cta>0,00</acuerdo_cta>
                    <resultado_cta>OK</resultado_cta>
                </row>
            </rowset>
        </cuenta>
        <tarjeta>
            <rowset>
                <count>1</count>
                <row>
                    <codiser_tarj>37</codiser_tarj>
                    <nroprod_tarj>00004546590901143217</nroprod_tarj>
                    <razsoc_tarj>MERA/JOSE ANTONIO</razsoc_tarj>
                    <estadot_tarj>20</estadot_tarj>
                    <estadoc_tarj>10</estadoc_tarj>
                    <gruaff_tarj>8406</gruaff_tarj>
                    <desgruaf_tarj>ICBC CLUB CART GRAL</desgruaf_tarj>
                    <titul_tarj>0</titul_tarj>
                    <nomemp_tarj>MERA JOSE ANTONIO</nomemp_tarj>
                    <nrocta_tarj>0098387306</nrocta_tarj>
                    <fecvto_tarj>20170316</fecvto_tarj>
                    <saldisp_tarj>27600,00</saldisp_tarj>
                    <pagmin_tarj>448,00</pagmin_tarj>
                    <feccie_tarj>20170302</feccie_tarj>
                    <pagtotp_tarj>5833,49</pagtotp_tarj>
                    <pagtotd_tarj>0,00</pagtotd_tarj>
                    <tarj_hab>0</tarj_hab>
                    <resultado_tarj>OK</resultado_tarj>
                </row>
            </rowset>
        </tarjeta>
        <fondo>
            <rowset>
                <count>2</count>
                <row>
                    <codiser_fondo>66</codiser_fondo>
                    <nroprod_fondo>00124300602</nroprod_fondo>
                    <razsoc_fondo>NALE I PULLAZ GUZA EMPUMYU</razsoc_fondo>
                    <saldispp_fondo>0,00</saldispp_fondo>
                    <saldispd_fondo>0,00</saldispd_fondo>
                    <fecha_fondo>00010101</fecha_fondo>
                    <resultado_fondo>OK</resultado_fondo>
                </row>
                <row>
                    <codiser_fondo>66</codiser_fondo>
                    <nroprod_fondo>00124300709</nroprod_fondo>
                    <razsoc_fondo>NALE I PULLAZ GUZA E/JYLYVERCY MULE VAEP</razsoc_fondo>
                    <saldispp_fondo>0,00</saldispp_fondo>
                    <saldispd_fondo>0,00</saldispd_fondo>
                    <fecha_fondo>00010101</fecha_fondo>
                    <resultado_fondo>OK</resultado_fondo>
                </row>
            </rowset>
        </fondo>
        <titulo>
            <rowset>
                <count>1</count>
                <row>
                    <codiser_titulo>64</codiser_titulo>
                    <nroprod_titulo>0522000544648</nroprod_titulo>
                    <razsoc_titulo> </razsoc_titulo>
                    <resultado_titulo> </resultado_titulo>
                </row>
            </rowset>
        </titulo>
        <tarj_bnlco>
            <rowset>
                <count>3</count>
                <row>
                    <codiser_tarj_bnlco>74</codiser_tarj_bnlco>
                    <nroprod_tarj_bnlco>44517510025793122000</nroprod_tarj_bnlco>
                    <resultado_tarj_bnlco> </resultado_tarj_bnlco>
                </row>
                <row>
                    <codiser_tarj_bnlco>74</codiser_tarj_bnlco>
                    <nroprod_tarj_bnlco>44517510040380798000</nroprod_tarj_bnlco>
                    <resultado_tarj_bnlco> </resultado_tarj_bnlco>
                </row>
                <row>
                    <codiser_tarj_bnlco>74</codiser_tarj_bnlco>
                    <nroprod_tarj_bnlco>44517510041470010000</nroprod_tarj_bnlco>
                    <resultado_tarj_bnlco> </resultado_tarj_bnlco>
                </row>
            </rowset>
        </tarj_bnlco>
    </data>
</bsvrsp>