<?xml version="1.0" encoding="ISO-8859-1"?>
<bsvrsp>
    <header>
        <nombre>corporate_01</nombre>
        <txid>a77e8fbb-e327-49ea-bfc9-e15fd7c0af24</txid>
        <fecha>06122017</fecha>
        <hora>101936</hora>
        <resultado>ok</resultado>
    </header>
    <data>
        <fhfesti> </fhfesti>
        <tpfesti> </tpfesti>
        <fec_desde>20171101</fec_desde>
        <fec_hasta>20181231</fec_hasta>
        <general>
            <rowset>
                <count>50</count>
                <row>
                    <fecha>03.02.2017</fecha>
                    <tipo>L</tipo>
                    <lugar>GUALEGUAYCHU</lugar>
                    <nombre>CONM. BATALLA DE CASEROS</nombre>
                </row>
                <row>
                    <fecha>03.02.2017</fecha>
                    <tipo>L</tipo>
                    <lugar>PARANA</lugar>
                    <nombre>CONMEMORAC. BATALLA DE CASEROS</nombre>
                </row>
                <row>
                    <fecha>10.02.2017</fecha>
                    <tipo>L</tipo>
                    <lugar>MAR DEL PLATA</lugar>
                    <nombre>ANIV DE LA CIUDAD DE MDP</nombre>
                </row>
                <row>
                    <fecha>20.02.2017</fecha>
                    <tipo>L</tipo>
                    <lugar>SALTA</lugar>
                    <nombre>BATALLA DE SALTA</nombre>
                </row>
                <row>
                    <fecha>23.02.2017</fecha>
                    <tipo>L</tipo>
                    <lugar>COMODORO RIVADAVIA</lugar>
                    <nombre>RESOL. 0271/16 ANIVERSARIO</nombre>
                </row>
                <row>
                    <fecha>27.02.2017</fecha>
                    <tipo>N</tipo>
                    <lugar>TANDIL</lugar>
                    <nombre>LUNES DE CARNAVAL</nombre>
                </row>
                <row>
                    <fecha>28.02.2017</fecha>
                    <tipo>N</tipo>
                    <lugar>BAHIA BLANCA</lugar>
                    <nombre>MARTES DE CARNAVAL</nombre>
                </row>
                <row>
                    <fecha>24.03.2017</fecha>
                    <tipo>N</tipo>
                    <lugar> </lugar>
                    <nombre>DIA DE LA MEMORIA</nombre>
                </row>
                <row>
                    <fecha>04.04.2017</fecha>
                    <tipo>L</tipo>
                    <lugar> </lugar>
                    <nombre>194 ANIV FUERTE DE LA INDEPEND</nombre>
                </row>
                <row>
                    <fecha>11.04.2017</fecha>
                    <tipo>L</tipo>
                    <lugar>SANTIAGO DEL ESTERO</lugar>
                    <nombre>ANIV FUNDACION DE LA CIUDAD</nombre>
                </row>
                <row>
                    <fecha>13.04.2017</fecha>
                    <tipo>N</tipo>
                    <lugar> </lugar>
                    <nombre>JUEVES  SANTO</nombre>
                </row>
                <row>
                    <fecha>14.04.2017</fecha>
                    <tipo>N</tipo>
                    <lugar>SAN LUIS</lugar>
                    <nombre>VIERNES SANTO</nombre>
                </row>
                <row>
                    <fecha>27.04.2017</fecha>
                    <tipo>L</tipo>
                    <lugar>CORRIENTES</lugar>
                    <nombre>AUTONOMIA PROVINCIAL</nombre>
                </row>
                <row>
                    <fecha>01.05.2017</fecha>
                    <tipo>N</tipo>
                    <lugar> </lugar>
                    <nombre>DIA DEL TRABAJADOR</nombre>
                </row>
                <row>
                    <fecha>03.05.2017</fecha>
                    <tipo>L</tipo>
                    <lugar>CAMPANA</lugar>
                    <nombre>FEST. CRISTO DE LA QUEBRADA</nombre>
                </row>
                <row>
                    <fecha>03.05.2017</fecha>
                    <tipo>L</tipo>
                    <lugar>CORDOBA</lugar>
                    <nombre>LA CRUZ DE LOS MILAGROS</nombre>
                </row>
                <row>
                    <fecha>25.05.2017</fecha>
                    <tipo>N</tipo>
                    <lugar>NUEVA CORDOBA</lugar>
                    <nombre>PRIMER GOBIERNO PATRIO</nombre>
                </row>
                <row>
                    <fecha>17.06.2017</fecha>
                    <tipo>N</tipo>
                    <lugar>CERRO DE LAS ROSAS</lugar>
                    <nombre>FALL.GRAL GUEMES</nombre>
                </row>
                <row>
                    <fecha>20.06.2017</fecha>
                    <tipo>N</tipo>
                    <lugar>SANTIAGO DEL ESTERO</lugar>
                    <nombre>DIA DE LA BANDERA</nombre>
                </row>
                <row>
                    <fecha>06.07.2017</fecha>
                    <tipo>L</tipo>
                    <lugar>MENDOZA</lugar>
                    <nombre>ANIV PARTIDO DE CAMPANA</nombre>
                </row>
                <row>
                    <fecha>06.07.2017</fecha>
                    <tipo>L</tipo>
                    <lugar>LUJAN DE CUYO</lugar>
                    <nombre>444&#186;ANIVERSARIO DE LA FUNDACI&#186;</nombre>
                </row>
                <row>
                    <fecha>06.07.2017</fecha>
                    <tipo>L</tipo>
                    <lugar>SAN MARTIN (MENDOZA)</lugar>
                    <nombre>444&#186;ANIVERSARIO DE LA FUNDACI&#186;</nombre>
                </row>
                <row>
                    <fecha>06.07.2017</fecha>
                    <tipo>L</tipo>
                    <lugar>SAN RAFAEL</lugar>
                    <nombre>444&#186;ANIVERSARIO DE LA FUNDACI&#186;</nombre>
                </row>
                <row>
                    <fecha>25.07.2017</fecha>
                    <tipo>L</tipo>
                    <lugar>COMODORO RIVADAVIA</lugar>
                    <nombre>ANIVERSARIO DE LA CIUDAD</nombre>
                </row>
                <row>
                    <fecha>25.07.2017</fecha>
                    <tipo>L</tipo>
                    <lugar>PIEDRA BUENA</lugar>
                    <nombre>SANTO PATRONO SANTIAGO</nombre>
                </row>
                <row>
                    <fecha>25.07.2017</fecha>
                    <tipo>L</tipo>
                    <lugar>RIO GALLEGOS</lugar>
                    <nombre>SANTO PATRONO SANTIAGO</nombre>
                </row>
                <row>
                    <fecha>25.07.2017</fecha>
                    <tipo>L</tipo>
                    <lugar>CORRIENTES</lugar>
                    <nombre>SANTO PATRONO SANTIAGO</nombre>
                </row>
                <row>
                    <fecha>25.07.2017</fecha>
                    <tipo>L</tipo>
                    <lugar> </lugar>
                    <nombre>SANTO PATRONO SANTIAGO</nombre>
                </row>
                <row>
                    <fecha>28.07.2017</fecha>
                    <tipo>L</tipo>
                    <lugar>JUJUY</lugar>
                    <nombre>ANIV. ARRIBO CONTING GALESES</nombre>
                </row>
                <row>
                    <fecha>16.08.2017</fecha>
                    <tipo>L</tipo>
                    <lugar>SAN LUIS</lugar>
                    <nombre>SANTO PATRONO SAN JUAN BOSCO</nombre>
                </row>
                <row>
                    <fecha>16.08.2017</fecha>
                    <tipo>L</tipo>
                    <lugar>VILLA MERCEDES</lugar>
                    <nombre>SANTO PATRONO SAN JUAN BOSCO</nombre>
                </row>
                <row>
                    <fecha>17.08.2017</fecha>
                    <tipo>L</tipo>
                    <lugar>SAN JUAN</lugar>
                    <nombre>CONM. FALLEC. GRAL. SAN MARTIN</nombre>
                </row>
                <row>
                    <fecha>21.08.2017</fecha>
                    <tipo>N</tipo>
                    <lugar>SALTA</lugar>
                    <nombre>FALLECIMIENTO GRAL. SAN MARTIN</nombre>
                </row>
                <row>
                    <fecha>23.08.2017</fecha>
                    <tipo>L</tipo>
                    <lugar>SAN NICOLAS DE LOS ARROYOS</lugar>
                    <nombre>
                        <![CDATA[CONMEMORACION EXODO JUJE�O]]>
                    </nombre>
                </row>
                <row>
                    <fecha>25.08.2017</fecha>
                    <tipo>L</tipo>
                    <lugar>VILLA MARIA</lugar>
                    <nombre>SAN LUIS, REY DE FRANCIA</nombre>
                </row>
                <row>
                    <fecha>25.08.2017</fecha>
                    <tipo>L</tipo>
                    <lugar>GUALEGUAYCHU</lugar>
                    <nombre>SAN LUIS, REY DE FRANCIA</nombre>
                </row>
                <row>
                    <fecha>11.09.2017</fecha>
                    <tipo>L</tipo>
                    <lugar>PARANA</lugar>
                    <nombre>FALLECIMIENTO D F SARMIENTO</nombre>
                </row>
                <row>
                    <fecha>15.09.2017</fecha>
                    <tipo>L</tipo>
                    <lugar>SAN FRANCISCO</lugar>
                    <nombre>FIESTA SR.Y VIRG. DEL MILAGRO</nombre>
                </row>
                <row>
                    <fecha>25.09.2017</fecha>
                    <tipo>L</tipo>
                    <lugar>Q8309</lugar>
                    <nombre>NTRA SRA DEL ROSARIO SAN NICOL</nombre>
                </row>
                <row>
                    <fecha>27.09.2017</fecha>
                    <tipo>L</tipo>
                    <lugar> </lugar>
                    <nombre>FUNDACION CIUDAD VILLA MARIA</nombre>
                </row>
                <row>
                    <fecha>29.09.2017</fecha>
                    <tipo>L</tipo>
                    <lugar>SAN RAFAEL</lugar>
                    <nombre>SAN MIGUEL ARCANGEL</nombre>
                </row>
                <row>
                    <fecha>29.09.2017</fecha>
                    <tipo>L</tipo>
                    <lugar>RAFAELA</lugar>
                    <nombre>SAN MIGUEL ARCANGEL</nombre>
                </row>
                <row>
                    <fecha>04.10.2017</fecha>
                    <tipo>L</tipo>
                    <lugar>PIEDRA BUENA</lugar>
                    <nombre>SAN FRANCISCO DE ASIS</nombre>
                </row>
                <row>
                    <fecha>11.10.2017</fecha>
                    <tipo>L</tipo>
                    <lugar>RIO GALLEGOS</lugar>
                    <nombre>ANIV FUNDAC CIUDAD</nombre>
                </row>
                <row>
                    <fecha>16.10.2017</fecha>
                    <tipo>N</tipo>
                    <lugar>COMODORO RIVADAVIA</lugar>
                    <nombre>DIA DE LA RAZA</nombre>
                </row>
                <row>
                    <fecha>24.10.2017</fecha>
                    <tipo>L</tipo>
                    <nombre>SAN RAFAEL</nombre>
                </row>
                <row>
                    <fecha>24.10.2017</fecha>
                    <tipo>L</tipo>
                    <nombre>SAN RAFAEL</nombre>
                </row>
                <row>
                    <fecha>27.10.2017</fecha>
                    <tipo>L</tipo>
                    <nombre>CONM. FALL. NESTOR KIRCHNER</nombre>
                </row>
                <row>
                    <fecha>03.11.2017</fecha>
                    <tipo>L</tipo>
                    <nombre>LEY I NRO 547</nombre>
                </row>
				<row>
                    <fecha>08.12.2017</fecha>
                    <tipo>N</tipo>
                    <lugar> </lugar>
                    <nombre>DIA DE LA VIRGEN</nombre>
                </row>
                <row>
                    <fecha>25.12.2017</fecha>
                    <tipo>N</tipo>
                    <lugar> </lugar>
                    <nombre>NAVIDAD</nombre>
                </row>
                <row>
                    <fecha>01.01.2018</fecha>
                    <tipo>N</tipo>
                    <lugar> </lugar>
                    <nombre>A&#166;O NUEVO</nombre>
                </row>
				<row>
                    <fecha>05.01.2018</fecha>
                    <tipo>N</tipo>
                    <lugar> </lugar>
                    <nombre>DIA DE PRUEBA</nombre>
                </row>
            </rowset>
        </general>
    </data>
</bsvrsp>