<?xml version="1.0" encoding="ISO-8859-1"?>
<bsvrsp>
    <header>
        <nombre>corporate_02</nombre>
        <txid>35a17a5c-c0ce-4716-a69a-6d2751a13200</txid>
        <fecha>10112017</fecha>
        <hora>125104</hora>
        <resultado>ok</resultado>
        <aviso>
            <codigo>BGA1203</codigo>
            <mensaje>OK. SIMULACION EFECTUADA.</mensaje>
        </aviso>
    </header>
    <data>
        <numclie> </numclie>
        <tipdoc>04</tipdoc>
        <nrodoc>93282248</nrodoc>
        <secdoc> </secdoc>
        <prod>07</prod>
        <subprod>0001</subprod>
        <imptini>1000000</imptini>
        <abointe>V</abointe>
        <fecvto> </fecvto>
        <pervtot>D</pervtot>
        <pervton>90</pervton>
        <cccmode> </cccmode>
        <tarifa> </tarifa>
        <producto>07/0001 PLAZO FIJO EN PESOS</producto>
        <dirsucu>CAPITAL FEDERAL, 10 DE NOVIEMBRE DE 2017</dirsucu>
        <operacion>SIMULACION DE PLAZO FIJO NO VALIDO COMO COMPROBANTE</operacion>
        <titular1>GUZA EMPUMYU NALE I PULLAZ</titular1>
        <tipdoc1>DNI</tipdoc1>
        <nrodoc1>0000093282248</nrodoc1>
        <titular2> </titular2>
        <tipdoc2> </tipdoc2>
        <nrodoc2> </nrodoc2>
        <direcc>AVDA 4 02446</direcc>
        <moneda>PESO</moneda>
        <impo1>DIEZ MIL TRESCIENTOS NOVENTA Y DOS CON 05/100</impo1>
        <impo2> </impo2>
        <impdepo>10.000,00</impdepo>
        <impoint>392,05</impoint>
        <neto>10.392,05</neto>
        <tna>15,90</tna>
        <tea>16,87</tea>
        <diasvto>90</diasvto>
        <fecvto_out>08-02-2018</fecvto_out>
        <tasaref>29,500000</tasaref>
        <tasaref_msj> </tasaref_msj>
        <pa_interes>VENCIMIENTO</pa_interes>
        <uvabase> </uvabase>
        <uvacapital> </uvacapital>
    </data>
</bsvrsp>