<?xml version="1.0" encoding="ISO-8859-1"?>
<bsvrsp>
    <header>
        <nombre>corporate_01</nombre>
        <txid>88ccf5ac35344855b306ef8262e3ff92</txid>
        <fecha>16102018</fecha>
        <hora>110450</hora>
        <resultado>ok</resultado>
    </header>
    <data>
        <cliente>
            <rowset>
                <count>1</count>
                <row>
                    <numclien>00987223</numclien>
                    <codident>04</codident>
                    <claident>0000093282248</claident>
                    <cuit>0020932822483</cuit>
                    <secuident>00</secuident>
                    <version>1</version>
                    <sexo_sal>M</sexo_sal>
                    <priape>MERA Y TORRES</priape>
                    <nombre>JOSE ANTONIO</nombre>
                    <orgbkb>004</orgbkb>
                    <segmento>PMR</segmento>
                    <oficial>00501</oficial>
                    <tipifjur>F</tipifjur>
                    <fenacimi>1946-02-01</fenacimi>
                    <telefono>0225547   3216</telefono>
                    <mail>PRUEBA@MAIL.COM.DUN.EL</mail>
                    <resultado_clien> </resultado_clien>
                </row>
            </rowset>
        </cliente>
        <cuenta>
            <rowset>
                <count>10</count>
                <row>
                    <codiser_cta>01</codiser_cta>
                    <nroprod_cta>001505010132085688</nroprod_cta>
                    <razsoc_cta>JOSE ANTONIO MERA Y TORRES</razsoc_cta>
                    <estado_cta>A</estado_cta>
                    <subprod_cta>0001</subprod_cta>
                    <desrcsub_cta>CA $</desrcsub_cta>
                    <desacsub_cta>CAJA DE AHORRO EN PESOS TRIMES</desacsub_cta>
                    <saldo_cta>-    468684427,22</saldo_cta>
                    <acuerdo_cta>0,00</acuerdo_cta>
                    <resultado_cta>OK</resultado_cta>
                </row>
                <row>
                    <codiser_cta>01</codiser_cta>
                    <nroprod_cta>001505010132085781</nroprod_cta>
                    <razsoc_cta>JOSE ANTONIO MERA Y TORRES</razsoc_cta>
                    <estado_cta>A</estado_cta>
                    <subprod_cta>0001</subprod_cta>
                    <desrcsub_cta>CA $</desrcsub_cta>
                    <desacsub_cta>CAJA DE AHORRO EN PESOS TRIMES</desacsub_cta>
                    <saldo_cta>5027413276,17</saldo_cta>
                    <acuerdo_cta>0,00</acuerdo_cta>
                    <resultado_cta>OK</resultado_cta>
                </row>
                <row>
                    <codiser_cta>02</codiser_cta>
                    <nroprod_cta>001505010201017058</nroprod_cta>
                    <razsoc_cta>NALE GUZA EMPUMYU I\U NALE ZOZEME VAEPLY</razsoc_cta>
                    <estado_cta>A</estado_cta>
                    <subprod_cta>0013</subprod_cta>
                    <desrcsub_cta>CC TRANS.</desrcsub_cta>
                    <desacsub_cta>CTA CTE TRANSAC</desacsub_cta>
                    <saldo_cta>9995319909,38</saldo_cta>
                    <acuerdo_cta>3000,00</acuerdo_cta>
                    <resultado_cta>OK</resultado_cta>
                </row>
                <row>
                    <codiser_cta>02</codiser_cta>
                    <nroprod_cta>001505010211354856</nroprod_cta>
                    <razsoc_cta>JOSE ANTONIO MERA Y TORRES</razsoc_cta>
                    <estado_cta>A</estado_cta>
                    <subprod_cta>0001</subprod_cta>
                    <desrcsub_cta>CC$</desrcsub_cta>
                    <desacsub_cta>CUENTA CORRIENTE EN PESOS</desacsub_cta>
                    <saldo_cta>9995673354,22</saldo_cta>
                    <acuerdo_cta>3000,00</acuerdo_cta>
                    <resultado_cta>OK</resultado_cta>
                </row>
                <row>
                    <codiser_cta>07</codiser_cta>
                    <nroprod_cta>001505010714537171</nroprod_cta>
                    <razsoc_cta>JOSE ANTONIO MERA Y TORRES</razsoc_cta>
                    <estado_cta>A</estado_cta>
                    <subprod_cta>0001</subprod_cta>
                    <desrcsub_cta>PF $</desrcsub_cta>
                    <desacsub_cta>PLAZO FIJO EN PESOS</desacsub_cta>
                    <saldo_cta>65299,21</saldo_cta>
                    <acuerdo_cta>0,00</acuerdo_cta>
                    <resultado_cta>OK</resultado_cta>
                </row>
                <row>
                    <codiser_cta>07</codiser_cta>
                    <nroprod_cta>001505010714537244</nroprod_cta>
                    <razsoc_cta>JOSE ANTONIO MERA Y TORRES</razsoc_cta>
                    <estado_cta>A</estado_cta>
                    <subprod_cta>0012</subprod_cta>
                    <desrcsub_cta>PF $ UVA</desrcsub_cta>
                    <desacsub_cta>PLAZO FIJO $ UVA</desacsub_cta>
                    <saldo_cta>23000,00</saldo_cta>
                    <acuerdo_cta>0,00</acuerdo_cta>
                    <resultado_cta>OK</resultado_cta>
                </row>
                <row>
                    <codiser_cta>07</codiser_cta>
                    <nroprod_cta>001505010714561863</nroprod_cta>
                    <razsoc_cta>JOSE ANTONIO MERA Y TORRES</razsoc_cta>
                    <estado_cta>A</estado_cta>
                    <subprod_cta>0002</subprod_cta>
                    <desrcsub_cta>PF RENTA$</desrcsub_cta>
                    <desacsub_cta>PLAZO FIJO RENTA $</desacsub_cta>
                    <saldo_cta>4500,00</saldo_cta>
                    <acuerdo_cta>0,00</acuerdo_cta>
                    <resultado_cta>OK</resultado_cta>
                </row>
                <row>
                    <codiser_cta>07</codiser_cta>
                    <nroprod_cta>001505010714561936</nroprod_cta>
                    <razsoc_cta>JOSE ANTONIO MERA Y TORRES</razsoc_cta>
                    <estado_cta>A</estado_cta>
                    <subprod_cta>0001</subprod_cta>
                    <desrcsub_cta>PF $</desrcsub_cta>
                    <desacsub_cta>PLAZO FIJO EN PESOS</desacsub_cta>
                    <saldo_cta>10000,00</saldo_cta>
                    <acuerdo_cta>0,00</acuerdo_cta>
                    <resultado_cta>OK</resultado_cta>
                </row>
                <row>
                    <codiser_cta>11</codiser_cta>
                    <nroprod_cta>001505011112588552</nroprod_cta>
                    <razsoc_cta>JOSE ANTONIO MERA Y TORRES</razsoc_cta>
                    <estado_cta>A</estado_cta>
                    <subprod_cta>0001</subprod_cta>
                    <desrcsub_cta>CA USB</desrcsub_cta>
                    <desacsub_cta>C AHORRO U$S TRIMESTRAL.</desacsub_cta>
                    <saldo_cta>-         7993,80</saldo_cta>
                    <acuerdo_cta>0,00</acuerdo_cta>
                    <resultado_cta>OK</resultado_cta>
                </row>
                <row>
                    <codiser_cta>11</codiser_cta>
                    <nroprod_cta>001505011114278742</nroprod_cta>
                    <razsoc_cta>JOSE ANTONIO MERA Y TORRES</razsoc_cta>
                    <estado_cta>A</estado_cta>
                    <subprod_cta>0001</subprod_cta>
                    <desrcsub_cta>CA USB</desrcsub_cta>
                    <desacsub_cta>C AHORRO U$S TRIMESTRAL.</desacsub_cta>
                    <saldo_cta>72000,01</saldo_cta>
                    <acuerdo_cta>0,00</acuerdo_cta>
                    <resultado_cta>OK</resultado_cta>
                </row>
            </rowset>
        </cuenta>
        <tarjeta>
            <rowset>
                <count>1</count>
                <row>
                    <codiser_tarj>37</codiser_tarj>
                    <nroprod_tarj>00004546590901143217</nroprod_tarj>
                    <razsoc_tarj>MERA/JOSE ANTONIO</razsoc_tarj>
                    <estadot_tarj>20</estadot_tarj>
                    <estadoc_tarj>10</estadoc_tarj>
                    <gruaff_tarj>8406</gruaff_tarj>
                    <desgruaf_tarj>ICBC CLUB CART GRAL</desgruaf_tarj>
                    <titul_tarj>0</titul_tarj>
                    <nomemp_tarj>MERA JOSE ANTONIO</nomemp_tarj>
                    <nrocta_tarj>0098387306</nrocta_tarj>
                    <fecvto_tarj>20180613</fecvto_tarj>
                    <saldisp_tarj>45000,00</saldisp_tarj>
                    <pagmin_tarj>453,00</pagmin_tarj>
                    <feccie_tarj>20180531</feccie_tarj>
                    <pagtotp_tarj>9072,13</pagtotp_tarj>
                    <pagtotd_tarj>0,00</pagtotd_tarj>
                    <tarj_hab>0</tarj_hab>
                    <resultado_tarj>OK</resultado_tarj>
                </row>
            </rowset>
        </tarjeta>
        <titulo>
            <rowset>
                <count>1</count>
                <row>
                    <codiser_titulo>64</codiser_titulo>
                    <nroprod_titulo>0522000545006</nroprod_titulo>
                    <razsoc_titulo> </razsoc_titulo>
                    <resultado_titulo> </resultado_titulo>
                </row>
            </rowset>
        </titulo>
        <tarj_bnlco>
            <rowset>
                <count>3</count>
                <row>
                    <codiser_tarj_bnlco>74</codiser_tarj_bnlco>
                    <nroprod_tarj_bnlco>44517510025793122000</nroprod_tarj_bnlco>
                    <resultado_tarj_bnlco> </resultado_tarj_bnlco>
                </row>
                <row>
                    <codiser_tarj_bnlco>74</codiser_tarj_bnlco>
                    <nroprod_tarj_bnlco>44517510040380798000</nroprod_tarj_bnlco>
                    <resultado_tarj_bnlco> </resultado_tarj_bnlco>
                </row>
                <row>
                    <codiser_tarj_bnlco>74</codiser_tarj_bnlco>
                    <nroprod_tarj_bnlco>44517510041470010000</nroprod_tarj_bnlco>
                    <resultado_tarj_bnlco> </resultado_tarj_bnlco>
                </row>
            </rowset>
        </tarj_bnlco>
    </data>
</bsvrsp>