<?xml version="1.0" encoding="ISO-8859-1"?>
<bsvrsp>
    <header>
        <nombre>corporate_01</nombre>
        <fecha>26122017</fecha>
        <hora>165818</hora>
        <resultado>ok</resultado>
        <aviso>
            <codigo>BGA0029</codigo>
            <mensaje>OK. NUEVA CUENTA ASOCIADA/GASTOS ES 001505010201017058.</mensaje>
        </aviso>
    </header>
    <data>
        <ccc>00150501000714288507</ccc>
        <cambio>11</cambio>
        <cccaso>00150501000201017058</cccaso>
        <tipoint> </tipoint>
        <tipren> </tipren>
        <numimp> </numimp>
        <increm> </increm>
        <tarifa> </tarifa>
        <saldmax> </saldmax>
        <saldmin> </saldmin>
        <subtit> </subtit>
        <coddocu> </coddocu>
        <sumqui> </sumqui>
        <nombre> </nombre>
        <sdomcat> </sdomcat>
        <papel> </papel>
        <mileage> </mileage>
    </data>
</bsvrsp>