<?xml version="1.0" encoding="ISO-8859-1"?>
<bsvrsp>
    <header>
        <resultado>ok</resultado>
        <nombre/>
        <fecha/>
        <hora/>
    </header>
    <data>
        <resp_desc/>
        <resp_cod>00</resp_cod>
        <cuit>20227307464</cuit>
        <titular>PRUEBA ICBC ALIAS</titular>
        <general>
            <rowset>
                <count>2</count>
                <row>
                    <cbu>0150545002000102333912</cbu>
                    <alias/>
                    <banco/>
                    <sucursal/>
                    <numero/>
                    <moneda/>
                    <tipo>11</tipo>
                    <alta/>
                    <es_titular>false</es_titular>
                    <terminal/>
                </row>
                <row>
                    <cbu>0150545002000102333912</cbu>
                    <alias/>
                    <banco/>
                    <sucursal/>
                    <numero/>
                    <moneda/>
                    <tipo>01</tipo>
                    <alta/>
                    <es_titular>false</es_titular>
                    <terminal/>
                </row>
            </rowset>
        </general>
    </data>
</bsvrsp>