<?xml version="1.0" encoding="ISO-8859-1"?>
<bsvrsp>
    <header>
        <nombre>srv_dev</nombre>
        <fecha>08082017</fecha>
        <hora>114852</hora>
        <resultado>ok</resultado>
        <aviso>
            <codigo>DIA0000</codigo>
            <mensaje>OK. OPERACION EFECTUADA</mensaje>
        </aviso>
    </header>
    <data>
        <iddebin>99999</iddebin>
        <fecneg>21070726</fecneg>
        <nomcom>ZAVEZPYEM LENUM</nomcom>
        <cuitcom>0020315087156</cuitcom>
        <cbucom>0150501601000318961551</cbucom>
        <tipocta>01</tipocta>
        <cuenta> </cuenta>
        <canal>E</canal>
        <tipodoc>04</tipodoc>
        <nrodoc>31639482</nrodoc>
        <dirip>10.10.101.65</dirip>
        <moneda>ARP</moneda>
        <importe>100015</importe>
        <confir>01</confir>
        <descrip>Compra TV por Debin</descrip>
        <transac> </transac>
        <termid> </termid>
    </data>
</bsvrsp>