<?xml version="1.0" encoding="ISO-8859-1" ?>
<bsvrsp>
    <header>
        <nombre>corporate_01</nombre>
        <fecha>06102014</fecha>
        <hora>132145</hora>
        <resultado>ok</resultado>
    </header>
    <data>
        <nrocliente>00184821</nrocliente>
        <ctainve> </ctainve>
        <general>
            <rowset>
                <count>7</count>
                <row>
                    <nro_inversor>00119299607</nro_inversor>
                    <rubro>BINARIA SEGUROS DE RETIRO SA SIN AFECTAC</rubro>
                    <fecha_saldo>2012-07-11</fecha_saldo>
                    <fecha_cuotaparte>2013-02-06</fecha_cuotaparte>
                    <fondo>ALPHA PESOS PLUS</fondo>
                    <clase>A</clase>
                    <moneda>$</moneda>
                    <cant_cuotaparte>+0000000095313542</cant_cuotaparte>
                    <val_cuotaparte>+0000000115999215</val_cuotaparte>
                    <saldo_valorizado>-0000000110562960</saldo_valorizado>
                    <suscrip_dia>+0000000003630000</suscrip_dia>
                    <rescate_dia>+0000000000000000</rescate_dia>
                    <moneda_oper>N</moneda_oper>
					<variadia>+0000600</variadia>
                    <varia30>+0015000</varia30>
                    <varia180>+0093000</varia180>
                    <varia360>+0165000</varia360>
                    <tiernoper>009300000</tiernoper>
                </row>
                <row>
                    <nro_inversor>00119299607</nro_inversor>
                    <rubro>BINARIA SEGUROS DE RETIRO SA SIN AFECTAC</rubro>
                    <fecha_saldo>2012-07-11</fecha_saldo>
                    <fecha_cuotaparte>2013-03-27</fecha_cuotaparte>
                    <fondo>ALPHA PESOS</fondo>
                    <clase>A</clase>
                    <moneda>$</moneda>
                    <cant_cuotaparte>+0000000006177274</cant_cuotaparte>
                    <val_cuotaparte>+0000000001533007</val_cuotaparte>
                    <saldo_valorizado>+0000000000094698</saldo_valorizado>
                    <suscrip_dia>+0000000000100000</suscrip_dia>
                    <rescate_dia>+0000000000000000</rescate_dia>
                    <moneda_oper>N</moneda_oper>
					<variadia>+0000600</variadia>
                    <varia30>+0015000</varia30>
                    <varia180>+0093000</varia180>
                    <varia360>+0165000</varia360>
                    <tiernoper>009300000</tiernoper>
                </row>
                <row>
                    <nro_inversor>00119859310</nro_inversor>
                    <rubro>BINARIA RETIRO RVP PESOS</rubro>
                    <fecha_saldo>2012-07-11</fecha_saldo>
                    <fecha_cuotaparte>2013-02-06</fecha_cuotaparte>
                    <fondo>ALPHA PESOS PLUS</fondo>
                    <clase>A</clase>
                    <moneda>$</moneda>
                    <cant_cuotaparte>+0000000010842282</cant_cuotaparte>
                    <val_cuotaparte>+0000000115999215</val_cuotaparte>
                    <saldo_valorizado>+0000000012576962</saldo_valorizado>
                    <suscrip_dia>+0000000009360000</suscrip_dia>
                    <rescate_dia>+0000000000000000</rescate_dia>
                    <moneda_oper>N</moneda_oper>
					<variadia>+0000600</variadia>
                    <varia30>+0015000</varia30>
                    <varia180>+0093000</varia180>
                    <varia360>+0165000</varia360>
                    <tiernoper>009300000</tiernoper>
                </row>
                <row>
                    <nro_inversor>00119859310</nro_inversor>
                    <rubro>BINARIA RETIRO RVP PESOS</rubro>
                    <fecha_saldo>2012-07-11</fecha_saldo>
                    <fecha_cuotaparte>2013-03-27</fecha_cuotaparte>
                    <fondo>ALPHA PESOS</fondo>
                    <clase>A</clase>
                    <moneda>$</moneda>
                    <cant_cuotaparte>+0000000006177274</cant_cuotaparte>
                    <val_cuotaparte>+0000000001533007</val_cuotaparte>
                    <saldo_valorizado>-0000000000094698</saldo_valorizado>
                    <suscrip_dia>+0000000000100000</suscrip_dia>
                    <rescate_dia>+0000000000000000</rescate_dia>
                    <moneda_oper>N</moneda_oper>
					<variadia>+0000600</variadia>
                    <varia30>+0015000</varia30>
                    <varia180>+0093000</varia180>
                    <varia360>+0165000</varia360>
                    <tiernoper>009300000</tiernoper>
                </row>
                <row>
                    <nro_inversor>00119859502</nro_inversor>
                    <rubro>BINARIA RETIRO RV MONOPRODUCTO</rubro>
                    <fecha_saldo>2012-07-11</fecha_saldo>
                    <fecha_cuotaparte>2013-02-06</fecha_cuotaparte>
                    <fondo>ALPHA PESOS PLUS</fondo>
                    <clase>A</clase>
                    <moneda>$</moneda>
                    <cant_cuotaparte>+0000000035598651</cant_cuotaparte>
                    <val_cuotaparte>+0000000115999215</val_cuotaparte>
                    <saldo_valorizado>+0000000041294155</saldo_valorizado>
                    <suscrip_dia>+0000000000000000</suscrip_dia>
                    <rescate_dia>+0000000000000000</rescate_dia>
                    <moneda_oper>N</moneda_oper>
					<variadia>+0000600</variadia>
                    <varia30>+0015000</varia30>
                    <varia180>+0093000</varia180>
                    <varia360>+0165000</varia360>
                    <tiernoper>009300000</tiernoper>
                </row>
                <row>
                    <nro_inversor>00119859609</nro_inversor>
                    <rubro>BINARIA RETIRO RVP PESIFICADA</rubro>
                    <fecha_saldo>2012-07-11</fecha_saldo>
                    <fecha_cuotaparte>2013-02-06</fecha_cuotaparte>
                    <fondo>ALPHA PESOS PLUS</fondo>
                    <clase>A</clase>
                    <moneda>$</moneda>
                    <cant_cuotaparte>+0000000000227362</cant_cuotaparte>
                    <val_cuotaparte>+0000000115999215</val_cuotaparte>
                    <saldo_valorizado>+0000000000263738</saldo_valorizado>
                    <suscrip_dia>+0000000000000000</suscrip_dia>
                    <rescate_dia>+0000000000000000</rescate_dia>
                    <moneda_oper>N</moneda_oper>
					<variadia>+0000600</variadia>
                    <varia30>+0015000</varia30>
                    <varia180>+0093000</varia180>
                    <varia360>+0165000</varia360>
                    <tiernoper>009300000</tiernoper>
                </row>
				<row>
                    <nro_inversor>00119999999</nro_inversor>
                    <rubro>BINARIA RETIRO RVP PESIFICADA</rubro>
                    <fecha_saldo>2012-07-11</fecha_saldo>
                    <fecha_cuotaparte>2013-02-06</fecha_cuotaparte>
                    <fondo>ALPHA DOLARES PLUS</fondo>
                    <clase>A</clase>
                    <moneda>U$S</moneda>
                    <cant_cuotaparte>+0000000000227362</cant_cuotaparte>
                    <val_cuotaparte>+0000000115999215</val_cuotaparte>
                    <saldo_valorizado>+0000000000263738</saldo_valorizado>
                    <suscrip_dia>+0000000000000000</suscrip_dia>
                    <rescate_dia>+0000000000000000</rescate_dia>
                    <moneda_oper>N</moneda_oper>
					<variadia>+0000600</variadia>
                    <varia30>+0015000</varia30>
                    <varia180>+0093000</varia180>
                    <varia360>+0165000</varia360>
                    <tiernoper>009300000</tiernoper>
                </row>
            </rowset>
        </general>
    </data>
</bsvrsp>