<?xml version="1.0" encoding="ISO-8859-1" ?> 
<imgsrvresp>
	<header>
		<resultado>ok</resultado> 
		<srv_id>instancia_03</srv_id> 
	</header>
	<data>
		<document>
			JVBERi0xLjQKJeLjz9MKMiAwIG9iago8PC9EZWNvZGVQYXJtczw8L0JsYWNrSXMxIHRydWUv Um93cyAxMDQvSyAtMS9Db2x1bW5zIDI4OD4+L1R5cGUvWE9iamVjdC9Db2xvclNwYWNlL0Rl dmljZUdyYXkvU3VidHlwZS9JbWFnZS9CaXRzUGVyQ29tcG9uZW50IDEvV2lkdGggMjg4L0xl bmd0aCAzMTEvSGVpZ2h0IDEwNC9GaWx0ZXIvQ0NJVFRGYXhEZWNvZGUvTWFzayBbMSAxIF0+ PnN0cmVhbQpbLVLrdGFSwUaTGngJMW1HDTgTu1uwUS1QriHJaYMITwWydg8YNNpOqW0/jNAA CooAabGuLwPc5Y8tTNLZrZtswStT2MxAwY1ABZEoSx1Zcx3jqfig6TtrQHJ+LKesB61G+cbi 3Bp2QRVM0TGZoBp/W6vk2xnbsiXyBEu+hI+Upy6rK4nPbMi6IbAuR+QkeiOxsNdTxqyyMWEd ptQYQrDrNxVhDaVPP0qxfbDG3m3lccMEWnUHRU9ZBlAC1GhSv8pWmAf63phdfjFJJRFdRHJ3 lfybA5+xMBaft1obb3TVtnivDBdD0v8Od4jI3duF0W4Rcx2CAJsXWvVzoPl5S2HVkHGWv5kB kVykDguMGWZMZOmj9ZpolYJCfp3AJaOBDBzfwqL7+BcxgsRtlubFhaN6xBp7oIWNzAplbmRz dHJlYW0KZW5kb2JqCjQgMCBvYmoKPDwvTGVuZ3RoIDE1MTkvRmlsdGVyL0ZsYXRlRGVjb2Rl Pj5zdHJlYW0KAetF0F3zcPGcy5I+LWzj1IjfYXE752rfFvVLL9ySdkqhObwXtAFWRhc4DUbg WBhSXpdG8briUG2nl5Z4/EFNY2rrXvaEEmX160tPdefnN1SlDhniFUK0VnjBUsivVlWXefke UOAcdOfZPnFFUIfoyjmxEz6kAf34WXyVSM6bX/DoCNN6b+K/XSYOyGTo1zYHUY1SxO8l5Isa COP+CVI7/vO/kYG4DZhMbX1OshwwTQ1CcOGbL6RabtwNHBEVl4Q08UnuR/IOxYCxD0zJ3DLR eESGZfrRpv9hXsAFQnMKL8FOlYDIv76FcMNP0hBcN3PuP0INCFK/g9D6BeCljnXYWS/Ij+2B jlk9OiV6mxx0rg+qq7VzQRe9aqEESoQZ6KdMwr7PuuR3ZAbqA88FSiIgPca/097g2S4xdQdC uc5BI5CcgGfNOtIMX29o2zmgR7XRdhnsG48T71meKMrT+v7SYWPlTD5tXKNrZn5T4CWpn1ao uobEjccLSCiC3qWsDxqxmVdcE8qS8BSMYSfGj1KooLDRl9vC0iO+9I1VT/NRnCRoytCqX+6Y LF/O3KWnldvTJ9Ct2JDPQHcnq5852MQMReV0vi3Ro6npVX5dNWvV18Ig4A1/+Ur6L9RFLNpM zzVPOOy9RsFS2RMZ4kx/5jjGV2vqrMSmLr205LXKCRJyecRp2D/B1gcFNsTWXGSoPR4BbiDK 9gu7gk2poeW4uyEfjBWA1XU0ZTc6ozUO5YOTd7KttZvALa0ZpHOO+7FP0/ZOMzBsUERhl9al Rap2m5v1+bxwST9IerYOPLgtvUULVx0n9dJelL813mzzggFLuFmr+OwN19h04Xuoa2v5eLek N2d0UmaKbBmhemfd5vpuBm6ZP3aomD3zZsFpVDRjv/LdoTajGbL4Ujp2Sp+hUXRsUyt5Tna3 /n1vAPihHaf93fC5ypuXJwRjJjlCLoa1fgJVba/YGYrg08JSk/KxyTlNPngVAQqacHf8dgyv erYTDGQ07Xdn3b6t19sGdQheHEYbWoH/vW4HxRCQIPEkCgrtB9qWv5WZKGuKZKON1w96E84d keTBOfvp8Wc3z3oj3NUYB4KWGop18GDjrHAMBDhUiLZuB7C1Gd+Xw3BveRPj2Oo887deVRhb jbenUt1HNYYpYQgO2QsGJkBOwoxfy/xX4EsFD29sEy+NxHTtdi+TFgl11rbOG0KQ+ypzI/sO pWYDtf476NPzdaK4/YEMk0KS5CYDIvEWtDy8i6AQsRNlwEQub+/qmh8F0Nq4QBGG+oR7C2id tZ6IRN0fXMc++E2HQMBuDCa9avnoHU2HBpZIuOY1gXMdL71hEqiVN6YCQTScfHoBN9WF2KhS F75O7ulCh0Bl3XTwJKAe1WvYnaE0nm51h96Yf6Gh39uJoPPrtrdyDNg097Odo7djlaSMcHUj ymxAzAiKhMgHZbxfrXlJVgJ43wpn7ciINDbJ9IBw/lFEtgKNHEFAZNYtZ2JAirsECbptejIx YmfzgsKo6SyGdcjJ+abZhysFeZnztpHwxXPG49tBsr0LkK5PxGLMOZ6Gv4trTBFZEAHyVbJB 0E1rA0alwzetFn9kjOzIqpDIaizfzrMYhK4jOS3PvuFXKLJfHyd2pqGF43gwca7WLtWZtKK3 CGsivUCH7BUZtFX/un+I+WTuUoYOFNmUKNopHGxorpmrCB5pEsxfA9Ks/Gw7tll/OtnP3+yy AsrFaUGmltMUTe57lEdc8B+gQl9DUQSn1sNp7M/a0wez7o/lIOFEepQFZcOVjoQ2mZ6WfX+C Xfu3ZU/wN6PhdwjI4mwUWad63P5R0HZo9+/awLwctvUxjZnLqtAqcNTbl39zHtt7J9F5aQIc lu4Guz5ZQLTvSEcK0lXB4l1y7lpqlcdZwQeHwLUNwdTsydk/YvhOYxEN6h5Wfo+a63bu2xiW WmZ3nCwyYuUxKPqxo08p8KgP+Liq3m3508OO0OmZOZmyYXRqFiMZt9+1ixmiHzUlZYH+jeoo kLJvk7Y18RjphmrBs/VsaQplbmRzdHJlYW0KZW5kb2JqCjYgMCBvYmoKPDwvUGFyZW50IDUg MCBSL0NvbnRlbnRzIDQgMCBSL1R5cGUvUGFnZS9SZXNvdXJjZXM8PC9YT2JqZWN0PDwvaW1n MCAyIDAgUj4+L1Byb2NTZXQgWy9QREYgL1RleHQgL0ltYWdlQiAvSW1hZ2VDIC9JbWFnZUld L0ZvbnQ8PC9GMSAxIDAgUi9GMiAzIDAgUj4+Pj4vTWVkaWFCb3hbMCAwIDYzMy4zIDc5Ml0+ PgplbmRvYmoKMSAwIG9iago8PC9CYXNlRm9udC9IZWx2ZXRpY2EvVHlwZS9Gb250L0VuY29k aW5nL1dpbkFuc2lFbmNvZGluZy9TdWJ0eXBlL1R5cGUxPj4KZW5kb2JqCjMgMCBvYmoKPDwv QmFzZUZvbnQvQ291cmllci9UeXBlL0ZvbnQvRW5jb2RpbmcvV2luQW5zaUVuY29kaW5nL1N1 YnR5cGUvVHlwZTE+PgplbmRvYmoKNSAwIG9iago8PC9JVFhUKHjTjP9AKS9UeXBlL1BhZ2Vz L0NvdW50IDEvS2lkc1s2IDAgUl0+PgplbmRvYmoKNyAwIG9iago8PC9UeXBlL0NhdGFsb2cv UGFnZXMgNSAwIFI+PgplbmRvYmoKOCAwIG9iago8PC9Qcm9kdWNlcihTi9D34unJfhrwif7q wswQSQdxTZuat7/YXGIpL01vZERhdGUofuWHv6fxzGMb6I7p9pXRAFVjcTL/itIpL0NyZWF0 aW9uRGF0ZSh+5Ye/p/HMYxvojun2ldEAVWNxMv+K0ik+PgplbmRvYmoKOSAwIG9iago8PC9V ICjEX2MRfqay5LB46PckIv6VHdqHG3j8tqMtldpHXGIicOUpL1YgMS9PICg3eBCedBVr24Ad V9EOqvzPznPwfVhFgowDBjikax7C6CkvUCAtNjAvRmlsdGVyL1N0YW5kYXJkL1IgMj4+CmVu ZG9iagp4cmVmCjAgMTAKMDAwMDAwMDAwMCA2NTUzNSBmIAowMDAwMDAyMzMxIDAwMDAwIG4g CjAwMDAwMDAwMTUgMDAwMDAgbiAKMDAwMDAwMjQxOSAwMDAwMCBuIAowMDAwMDAwNTUzIDAw MDAwIG4gCjAwMDAwMDI1MDUgMDAwMDAgbiAKMDAwMDAwMjE0MCAwMDAwMCBuIAowMDAwMDAy NTY4IDAwMDAwIG4gCjAwMDAwMDI2MTMgMDAwMDAgbiAKMDAwMDAwMjc0MiAwMDAwMCBuIAp0 cmFpbGVyCjw8L1Jvb3QgNyAwIFIvSUQgWzw3OGRhYTkzYjViMmZkMDY4ZDE4NjI1ZDQ0YjBk ZjY3Mj48YmE1NWJlMTRiOWEzZDg0OTNlZTU1ZTA2ZGJmNzMxN2E+XS9FbmNyeXB0IDkgMCBS L0luZm8gOCAwIFIvU2l6ZSAxMD4+CnN0YXJ0eHJlZgoyODY3CiUlRU9GCg==
		</document> 
		<milestone>1</milestone> 
	</data>
</imgsrvresp>