<?xml version="1.0" encoding="ISO-8859-1"?>
<bsvrsp>
    <header>
        <nombre>corporate_02</nombre>
        <fecha>03042018</fecha>
        <hora>151059</hora>
        <resultado>ok</resultado>
    </header>
    <data>
        <ccc>00150501000128564357</ccc>
        <estat>A</estat>
        <ccceditada>0501/01285643/57</ccceditada>
        <general>
            <rowset>
                <count>1</count>
                <row>
                    <emisora>01801</emisora>
                    <referen>05010128564357</referen>
                    <nombre>ASOC. MUTUAL BKB</nombre>
                    <servicio>CUOTAS</servicio>
                    <estado>A</estado>
                    <titular>EMCLAE HEVYEME DETTE</titular>
                </row>
            </rowset>
        </general>
    </data>
</bsvrsp>