<?xml version="1.0" encoding="ISO-8859-1"?>
<bsvrsp>
	<data>
		<cliente>
			<rowset>
				<count>1</count>
				<row>
					<claident>0000011068223</claident>
					<codident>04</codident>
					<cuit>0023110682239</cuit>
					<fenacimi>1953-08-17</fenacimi>
					<mail>BEMAZE.Z@DYPZZE.DUN.ELELJU.DUN.EL</mail>
					<nombre>ERVALPU AMLYKOA</nombre>
					<numclien>01550549</numclien>
					<oficial>00511</oficial>
					<orgbkb>004</orgbkb>
					<priape>BESKOAS</priape>
					<secuident>00</secuident>
					<segmento>PWR</segmento>
					<sexo_sal>M</sexo_sal>
					<telefono>011  5199 0898</telefono>
					<tipifjur>F</tipifjur>
					<version>A</version>
				</row>
			</rowset>
		</cliente>
		<cuenta>
			<rowset>
				<count>2</count>
				<row>
					<acuerdo_cta>0,00</acuerdo_cta>
					<codiser_cta>02</codiser_cta>
					<desacsub_cta>CUENTA CORRIENTE BOSTON PLUS</desacsub_cta>
					<desrcsub_cta>CC B PLUS</desrcsub_cta>
					<estado_cta>A</estado_cta>
					<nroprod_cta>001505010200234664</nroprod_cta>
					<razsoc_cta>ERVALPU AMLYKOA BESKOAS</razsoc_cta>
					<resultado_cta>OK</resultado_cta>
					<saldo_cta>36865,49</saldo_cta>
					<subprod_cta>0012</subprod_cta>
				</row>
				<row>
					<acuerdo_cta>0,00</acuerdo_cta>
					<codiser_cta>11</codiser_cta>
					<desacsub_cta>C. AHORRO U$S B PLUS</desacsub_cta>
					<desrcsub_cta>CA B PLUS</desrcsub_cta>
					<estado_cta>A</estado_cta>
					<nroprod_cta>001505461110091227</nroprod_cta>
					<razsoc_cta>ERVALPU AMLYKOA BESKOAS</razsoc_cta>
					<resultado_cta>OK</resultado_cta>
					<saldo_cta>0,06</saldo_cta>
					<subprod_cta>0012</subprod_cta>
				</row>
			</rowset>
		</cuenta>
		<tarj_bnlco>
			<rowset>
				<count>1</count>
				<row>
					<codiser_tarj_bnlco>74</codiser_tarj_bnlco>
					<nroprod_tarj_bnlco>44517510045728645000</nroprod_tarj_bnlco>
				</row>
			</rowset>
		</tarj_bnlco>
		<tarjeta>
			<rowset>
				<count>4</count>
				<row>
					<codiser_tarj>37</codiser_tarj>
					<desgruaf_tarj>EXCLUSIVE ICBC CLUB</desgruaf_tarj>
					<estadoc_tarj>10</estadoc_tarj>
					<estadot_tarj>20</estadot_tarj>
					<feccie_tarj>20180531</feccie_tarj>
					<fecvto_tarj>20180611</fecvto_tarj>
					<gruaff_tarj>9234</gruaff_tarj>
					<nomemp_tarj>AGOSTINO GRACIELA R</nomemp_tarj>
					<nrocta_tarj>0093445957</nrocta_tarj>
					<nroprod_tarj>00004824690000216972</nroprod_tarj>
					<pagmin_tarj>92,00</pagmin_tarj>
					<pagtotd_tarj>0,00</pagtotd_tarj>
					<pagtotp_tarj>256,99</pagtotp_tarj>
					<razsoc_tarj>AGOSTINO/GRACIELA R</razsoc_tarj>
					<resultado_tarj>OK</resultado_tarj>
					<saldisp_tarj>220000,00</saldisp_tarj>
					<tarj_hab>0</tarj_hab>
					<titul_tarj>0</titul_tarj>
				</row>
				<row>
					<codiser_tarj>37</codiser_tarj>
					<desgruaf_tarj>EXCLUSIVE ICBC CLUB</desgruaf_tarj>
					<estadoc_tarj>10</estadoc_tarj>
					<estadot_tarj>22</estadot_tarj>
					<feccie_tarj>20180531</feccie_tarj>
					<fecvto_tarj>20180611</fecvto_tarj>
					<gruaff_tarj>9234</gruaff_tarj>
					<nomemp_tarj>AGOSTINO GRACIELA R</nomemp_tarj>
					<nrocta_tarj>0093445957</nrocta_tarj>
					<nroprod_tarj>00004423120000420601</nroprod_tarj>
					<pagmin_tarj>92,00</pagmin_tarj>
					<pagtotd_tarj>0,00</pagtotd_tarj>
					<pagtotp_tarj>256,99</pagtotp_tarj>
					<razsoc_tarj>AGOSTINO/GRACIELA R</razsoc_tarj>
					<resultado_tarj>OK</resultado_tarj>
					<saldisp_tarj>220000,00</saldisp_tarj>
					<tarj_hab>1</tarj_hab>
					<titul_tarj>0</titul_tarj>
				</row>
				<row>
					<codiser_tarj>38</codiser_tarj>
					<estadoc_tarj>10</estadoc_tarj>
					<estadot_tarj>20</estadot_tarj>
					<feccie_tarj>20180531</feccie_tarj>
					<fecvto_tarj>20180613</fecvto_tarj>
					<gruaff_tarj>0000</gruaff_tarj>
					<nomemp_tarj>TUTEUR SACIFIA</nomemp_tarj>
					<nrocta_tarj>0504285367</nrocta_tarj>
					<nroprod_tarj>00004864220004114501</nroprod_tarj>
					<pagmin_tarj>232171,00</pagmin_tarj>
					<pagtotd_tarj>7894,37</pagtotd_tarj>
					<pagtotp_tarj>28891,94</pagtotp_tarj>
					<razsoc_tarj>AGOSTINO/GRACIELA R</razsoc_tarj>
					<resultado_tarj>OK</resultado_tarj>
					<saldisp_tarj>0,00</saldisp_tarj>
					<tarj_hab>0</tarj_hab>
					<titul_tarj>E</titul_tarj>
				</row>
				<row>
					<codiser_tarj>61</codiser_tarj>
					<estadot_tarj>00</estadot_tarj>
					<fecvto_tarj>20180308</fecvto_tarj>
					<gruaff_tarj>0746</gruaff_tarj>
					<nrocta_tarj>0006226212</nrocta_tarj>
					<nroprod_tarj>00005197143295137392</nroprod_tarj>
					<pagmin_tarj>490,00</pagmin_tarj>
					<pagtotd_tarj>0,00</pagtotd_tarj>
					<pagtotp_tarj>3768,25</pagtotp_tarj>
					<razsoc_tarj>AGOSTINO GRACIELA ROSALI</razsoc_tarj>
					<resultado_tarj>OK</resultado_tarj>
					<saldisp_tarj>50000,00</saldisp_tarj>
					<tarj_hab>0</tarj_hab>
					<titul_tarj>0</titul_tarj>
				</row>
			</rowset>
		</tarjeta>
	</data>
	<header>
		<fecha>15062018</fecha>
		<hora>154612</hora>
		<nombre>corporate_02</nombre>
		<resultado>ok</resultado>
	</header>
</bsvrsp>