<?xml version="1.0" encoding="ISO-8859-1" ?>
<bsvrsp>
   <header>
      <resultado>ok</resultado>
      <nombre>instancia_16</nombre>
      <fecha>23/08/2018</fecha>
      <hora>17:41:08</hora>
   </header>
   <data>
      <resp_cod>00</resp_cod>
      <resp_desc>OK</resp_desc>
      <destinatario_cuenta_cbu>0150501601000320856887</destinatario_cuenta_cbu>
      <destinatario_cuit>20932822483</destinatario_cuit>
      <destinatario_tipo_cuenta>11</destinatario_tipo_cuenta>
      <destinatario_nombre>JOSE ANTONIO MERA Y TORRES</destinatario_nombre>
      <fecha_negocio>20180824</fecha_negocio>
      <importe>12.31</importe>
      <moneda>ARP</moneda>
      <objeto_id>GWY7ZEPN6RZPW49Q0M51OV</objeto_id>
      <objeto_tipo>transferencia</objeto_tipo>
   </data>
</bsvrsp>