<?xml version="1.0" encoding="ISO-8859-1" ?>
<bsvrsp>
    <header>
        <nombre>instancia_07</nombre>
        <fecha>08/11/2017</fecha>
        <hora>14:50:28</hora>
        <resultado>ok</resultado>
        <request_id>56644564654</request_id>
        <response_id>(1510163206588)</response_id>
        <aviso>
            <codigo>101014</codigo>
            <mensaje>El usuario se logeo de forma exitosa.</mensaje>
        </aviso>
    </header>
    <data>
        <usuario>prestamo01</usuario>
        <tipo_doc>04</tipo_doc> <!--CAMBIAR ESTE DATO-->
        <num_doc>31465948</num_doc> <!--CAMBIAR ESTE DATO-->
        <genero>F</genero> <!-- CAMBIAR ESTE DATO-->
        <fec_ult_login>01/11/2017 16:51:13</fec_ult_login>
        <fecha_expiracion_clave>1540583680000</fecha_expiracion_clave>
        <has_biometrics>false</has_biometrics>
        <device_register>false</device_register>
        <has_liveness>false</has_liveness>
    </data>
</bsvrsp>