<bsvrsp>
	<header>
		<resultado>ok</resultado>
		<request_id>928e72013fdd437c83f4947f2f0ccff5</request_id>
		<response_id>(1445363987788)</response_id>
	</header>
	<data>
		<canal_coord/>
		<coordenada1>10</coordenada1>
		<coordenada2>11</coordenada2>
		<coordenada3/>
		<coordenada_display1>A1</coordenada_display1>
		<coordenada_display2>B2</coordenada_display2>
		<coordenada4/>
		<referencia/>
		<coordenada_display3/>
		<coordenada_display4/>
		<nro_serie>1234</nro_serie>
		<cant_coor_disp/>
		<importe/>
		<clave/>
		<medio>TAN</medio>
		<telefono/>
		<parte_a/>
	</data>
</bsvrsp>