<?xml version="1.0" encoding="ISO-8859-1"?>
<bsvrsp>
    <header>
        <nombre>corporate_01</nombre>
        <txid>32d63512-5e55-4a75-8ac7-3ac4dd240ca3</txid>
        <fecha>13062018</fecha>
        <hora>161206</hora>
        <resultado>ok</resultado>
    </header>
    <data>
        <cliente>
            <rowset>
                <count>1</count>
                <row>
                    <numclien>04629218</numclien>
                    <codident>04</codident>
                    <claident>0000017372241</claident>
                    <cuit>0020333445620</cuit>
                    <secuident>00</secuident>
                    <version>A</version>
                    <sexo_sal>M</sexo_sal>
                    <priape>YASSY</priape>
                    <nombre>RAEMCLU</nombre>
                    <orgbkb>004</orgbkb>
                    <segmento>PNR</segmento>
                    <oficial>00501</oficial>
                    <tipifjur>F</tipifjur>
                    <fenacimi>2005-10-22</fenacimi>
                    <telefono>011  4488 1212</telefono>
                    <mail>RAEMCLUYASSY@FUPNEYR.DUN</mail>
                    <resultado_clien> </resultado_clien>
                </row>
            </rowset>
        </cliente>
        <cuenta>
			<rowset>
				<count>5</count>
				<row>
					<acuerdo_cta>0,00</acuerdo_cta>
					<codiser_cta>01</codiser_cta>
					<desacsub_cta>CUENTA SUELDO</desacsub_cta>
					<desrcsub_cta>CA$ BD 304</desrcsub_cta>
					<estado_cta>A</estado_cta>
					<nroprod_cta>001505010110622891</nroprod_cta>
					<razsoc_cta>JLEDYARE LUZERYE EJUZPYMU</razsoc_cta>
					<resultado_cta>OK</resultado_cta>
					<saldo_cta>5980,53</saldo_cta>
					<subprod_cta>0304</subprod_cta>
				</row>
				<row>
					<acuerdo_cta>2000,00</acuerdo_cta>
					<codiser_cta>02</codiser_cta>
					<desacsub_cta>CTA CTE TRANSAC</desacsub_cta>
					<desrcsub_cta>CC TRANS.</desrcsub_cta>
					<estado_cta>A</estado_cta>
					<nroprod_cta>001505110210411211</nroprod_cta>
					<razsoc_cta>JLEDYARE LUZERYE EJUZPYMU</razsoc_cta>
					<resultado_cta>OK</resultado_cta>
					<saldo_cta>2000,00</saldo_cta>
					<subprod_cta>0013</subprod_cta>
				</row>			
			</rowset>
		</cuenta>
        <tarjeta>
            <rowset>
                <count>1</count>
				<row>
                    <codiser_tarj>38</codiser_tarj>
                    <nroprod_tarj>00004546571028212881</nroprod_tarj>
                    <razsoc_tarj>IEZZI/LEANDRO</razsoc_tarj>
                    <estadot_tarj>20</estadot_tarj>
                    <estadoc_tarj>10</estadoc_tarj>
                    <gruaff_tarj>8406</gruaff_tarj>
                    <desgruaf_tarj>ICBC CLUB CART GRAL</desgruaf_tarj>
                    <titul_tarj>0</titul_tarj>
                    <nomemp_tarj>IEZZI LEANDRO</nomemp_tarj>
                    <nrocta_tarj>0647649998</nrocta_tarj>
                    <fecvto_tarj>20180613</fecvto_tarj>
                    <saldisp_tarj>95000,00</saldisp_tarj>
                    <pagmin_tarj>1824,00</pagmin_tarj>
                    <feccie_tarj>20180531</feccie_tarj>
                    <pagtotp_tarj>6512,26</pagtotp_tarj>
                    <pagtotd_tarj>166,80</pagtotd_tarj>
                    <tarj_hab>0</tarj_hab>
                    <resultado_tarj>OK</resultado_tarj>
                </row>
            </rowset>
        </tarjeta>
        <tarj_bnlco>
            <rowset>
                <count>1</count>
                <row>
                    <codiser_tarj_bnlco>74</codiser_tarj_bnlco>
                    <nroprod_tarj_bnlco>44517510042867933000</nroprod_tarj_bnlco>
                    <resultado_tarj_bnlco> </resultado_tarj_bnlco>
                </row>
            </rowset>
        </tarj_bnlco>
    </data>
</bsvrsp>