<?xml version="1.0" encoding="ISO-8859-1" ?>
<bsvrsp>
	<header>
		<nombre>srv_dev</nombre>
		<fecha>07062012</fecha>
		<hora>151221</hora>
		<resultado>ok</resultado>
	</header>
	<data>
		<id_psp>123</id_psp>
		<cuit>12-1234578-1</cuit>
		<razon_social>consultora</razon_social>
		<tipo_cuenta>tipo de cuenta</tipo_cuenta>
		<nombre_fantasia>consultora f</nombre_fantasia>
	    <url_psp>www.consf.com</url_psp>
        <estado_cod>5<estado_cod>
		<estado_desc>A</estado_desc>
        <resp_cod>00</resp_cod>
        <resp_desc>ok</resp_desc>
		<cuentas>
			<rowset>
				<count>1</count>
				<row>
					<id_cta>3423</id_cta>
					<banco>000</banco>
					<cbu>1234567890123456789012</cbu>
					<moneda>ARG</moneda>
					<desc_cta>cons</desc_cta>
					<fecha_alta>05/04/2018</fecha_alta>
				</row>
			</rowset>
		</cuentas>
	</data>		
</bsvrsp>
