<?xml version="1.0" encoding="ISO-8859-1"?>
<bsvrsp>
    <header>
        <nombre>corporate_02</nombre>
        <fecha>13062018</fecha>
        <hora>161137</hora>
        <resultado>ok</resultado>
    </header>
    <data>
        <tipodoc>04</tipodoc>
        <nrodoc>0000017372241</nrodoc>
        <numcli> </numcli>
        <tarjeta> </tarjeta>
        <pin>0000</pin>
        <numclie>04629218</numclie>
        <nombre>RAEMCLU</nombre>
        <priape>YASSY</priape>
        <cuit>0020333445620</cuit>
        <oficial>00501</oficial>
        <direc>INDEPENDENCIA</direc>
        <indfisju>F</indfisju>
        <nro>00464</nro>
        <piso>PB</piso>
        <depto>3</depto>
        <localid>CIUDADELA</localid>
        <codpost>1702</codpost>
        <codprov>B</codprov>
        <teltip>01</teltip>
        <telpref>011</telpref>
        <telcar>4488</telcar>
        <telnum>1212</telnum>
        <faxnum>00</faxnum>
        <email>RAEMCLUYASSY@FUPNEYR.DUN</email>
        <fenacim>2005-10-22</fenacim>
        <pecnaci>080</pecnaci>
        <orgbkb>004</orgbkb>
        <segment>PNR</segment>
        <ofiape>0501</ofiape>
        <empreco>ZAMECU CA RE MEDYUM</empreco>
        <tipoact>8411</tipoact>
        <profesi>021</profesi>
        <tipoiva>03</tipoiva>
        <estado>01</estado>
        <condic>01</condic>
        <fealtcl>2014-12-17</fealtcl>
        <fulmodo>2015-10-13</fulmodo>
        <fulacpi>2018-06-12</fulacpi>
        <fulmopi>2016-12-30</fulmopi>
        <estadpi>1</estadpi>
        <cantacc>000</cantacc>
        <modo>T</modo>
        <verdocu>00</verdocu>
        <sexo>M</sexo>
        <calibcra> </calibcra>
        <tipodocpri>04</tipodocpri>
        <nrodocpri>0000033344562</nrodocpri>
        <cantprod>07</cantprod>
        <general>
            <rowset>
                <count>1</count>
                <row>
                    <descrip>VISA</descrip>
                    <nroprod>00150534003712201532</nroprod>
                    <nronoalt>00004546571028385881</nronoalt>
                    <subprod> </subprod>
                    <saldo_dispue>+00000000000</saldo_dispue>
                    <limite>+00000000000</limite>
                    <saldo_dispon>+00000000000</saldo_dispon>
                    <org_prod> </org_prod>
                    <seg_prod> </seg_prod>
                    <divisa> </divisa>
                    <estprod>00</estprod>
                </row>
            </rowset>
        </general>
    </data>
</bsvrsp>