<?xml version="1.0" encoding="ISO-8859-1"?>
<bsvrsp>
    <header>
        <resultado>ok</resultado>
    </header>
    <data>
        <resp_cod>00</resp_cod>
       	<fecha>2017-11-21T18:00:00-03:00</fecha>
        <origen_cuenta_numero>05450100080458</origen_cuenta_numero>
        <nro_control>7331</nro_control>
        <nro_transaccion>872994904301</nro_transaccion>
        <host_on_line>false</host_on_line>
        <importe>370000.00</importe>
        <moneda>ARP</moneda>
        <destino_cuenta_cbu>0150501601000320856887</destino_cuenta_cbu>
        <origen_terminal>BSTNTES2+000</origen_terminal>
    </data>
</bsvrsp>
