<?xml version="1.0" encoding="ISO-8859-1"?>
<bsvrsp>
   <header>
       <resultado>ok</resultado>
       <nombre/>
       <fecha/>
       <hora/>
   </header>
   <data>
       <resp_cod>00</resp_cod>
       <nro_operacion>942503</nro_operacion>
       <referencia/>
       <concepto/>
       <monto>1231231.23</monto>
       <estado>R</estado>
       <destino_cuenta_cbu>0150501601000320856887</destino_cuenta_cbu>
       <fecha>2017-11-25T00:00:00-03:00</fecha>
       <origen_cuenta_numero>05450100080458</origen_cuenta_numero>
       <origen_cuenta_tipo>01</origen_cuenta_tipo>
       <origen_cuenta_moneda/>
       <origen_cuenta_cbu/>
       <origen_cuenta_estado>0</origen_cuenta_estado>
       <origen_cuenta_saldo>0</origen_cuenta_saldo>
       <origen_cuenta_limite>0</origen_cuenta_limite>
       <origen_cuenta_intereses>0</origen_cuenta_intereses>
       <origen_cuenta_cta_especial>false</origen_cuenta_cta_especial>
   </data>
</bsvrsp>