<?xml version="1.0" encoding="ISO-8859-1"?>
<bsvrsp>
    <header>
        <nombre>corporate_01</nombre>
        <fecha>19062017</fecha>
        <hora>094632</hora>
        <resultado>ok</resultado>
    </header>
    <data>
        <nropres>01569364040000000000</nropres>
        <opcion>P</opcion>
        <numpre>0156936404</numpre>
        <tipoopc>PRESTAMO</tipoopc>
        <estadopres>VIGENTE</estadopres>
        <tipodoc>04</tipodoc>
        <nrodoc>022381443</nrodoc>
        <totcap>139.760,80</totcap>
        <caporig>162.000,00</caporig>
        <moncanc>147.743,47</moncanc>
        <tasa>3,141660000</tasa>
        <moneda>00</moneda>
        <totint>2.974,41</totint>
        <totpun>0,00</totpun>
        <totcom>4.192,82</totcom>
        <ivacom>503,13</ivacom>
        <coeficiente>PES</coeficiente>
        <general>
            <rowset>
                <count>1</count>
                <row>
                    <cuota>009</cuota>
                    <fecvto>22/09/2016</fecvto>
                    <estado>2</estado>
                    <capital>3.187,08</capital>
                    <intereses>4.390,80</intereses>
                    <ivaintseg>526,89</ivaintseg>
                    <ivapunit>0,00</ivapunit>
                    <seguro>0,00</seguro>
                    <punitorio>0,00</punitorio>
                    <totcuota>8.104,77</totcuota>
                    <estado_ajuste>B</estado_ajuste>
                </row>
            </rowset>
        </general>
    </data>
</bsvrsp>