<?xml version="1.0" encoding="ISO-8859-1"?>
<bsvrsp>
    <header>
        <nombre>corporate_01</nombre>
        <fecha>19062017</fecha>
        <hora>094633</hora>
        <resultado>ok</resultado>
    </header>
    <data>
        <cliente>
            <rowset>
                <count>1</count>
                <row>
                    <numclien>00472840</numclien>
                    <codident>04</codident>
                    <claident>0000022381443</claident>
                    <cuit>0020223814434</cuit>
                    <secuident>00</secuident>
                    <version>B</version>
                    <sexo_sal>M</sexo_sal>
                    <priape>CGANCGANYEM</priape>
                    <nombre>GEBYAL ERVALPU</nombre>
                    <orgbkb>004</orgbkb>
                    <segmento>PWE</segmento>
                    <oficial>00597</oficial>
                    <tipifjur>F</tipifjur>
                    <fenacimi>1971-10-17</fenacimi>
                    <telefono>011  4612 4970</telefono>
                    <mail>VENTAS@ELGRANTIBURON.COM</mail>
                    <resultado_clien> </resultado_clien>
                </row>
            </rowset>
        </cliente>
        <cuenta>
            <rowset>
                <count>4</count>
                <row>
                    <codiser_cta>01</codiser_cta>
                    <nroprod_cta>001505070100336427</nroprod_cta>
                    <razsoc_cta>CGANCGANYEM GEBYAL ERVALPU</razsoc_cta>
                    <estado_cta>A</estado_cta>
                    <subprod_cta>0052</subprod_cta>
                    <desrcsub_cta>C AH EXC</desrcsub_cta>
                    <desacsub_cta>CAJA AHORRO EXCLUSIVE PESOS</desacsub_cta>
                    <saldo_cta>19213,33</saldo_cta>
                    <acuerdo_cta>0,00</acuerdo_cta>
                    <resultado_cta>OK</resultado_cta>
                </row>
                <row>
                    <codiser_cta>02</codiser_cta>
                    <nroprod_cta>001505070200268953</nroprod_cta>
                    <razsoc_cta>CGANCGANYEM GEBYAL ERVALPU</razsoc_cta>
                    <estado_cta>A</estado_cta>
                    <subprod_cta>0052</subprod_cta>
                    <desrcsub_cta>CC$ EXC</desrcsub_cta>
                    <desacsub_cta>CTA.CORRIENTE EXCLUSIVE PESOS</desacsub_cta>
                    <saldo_cta>112665,57</saldo_cta>
                    <acuerdo_cta>10000,00</acuerdo_cta>
                    <resultado_cta>OK</resultado_cta>
                </row>
                <row>
                    <codiser_cta>07</codiser_cta>
                    <nroprod_cta>001505070710682376</nroprod_cta>
                    <razsoc_cta>GEBYAL ERVALPU CGANCGANYEM</razsoc_cta>
                    <estado_cta>A</estado_cta>
                    <subprod_cta>0002</subprod_cta>
                    <desrcsub_cta>PF RENTA$</desrcsub_cta>
                    <desacsub_cta>PLAZO FIJO RENTA $</desacsub_cta>
                    <saldo_cta>0,00</saldo_cta>
                    <acuerdo_cta>0,00</acuerdo_cta>
                    <resultado_cta>OK</resultado_cta>
                </row>
                <row>
                    <codiser_cta>11</codiser_cta>
                    <nroprod_cta>001505071110620216</nroprod_cta>
                    <razsoc_cta>GEBYAL ERVALPU CGANCGANYEM</razsoc_cta>
                    <estado_cta>A</estado_cta>
                    <subprod_cta>0052</subprod_cta>
                    <desrcsub_cta>CJ AH EXC</desrcsub_cta>
                    <desacsub_cta>C.AHORRO U$S EXCLUSIVE</desacsub_cta>
                    <saldo_cta>50,00</saldo_cta>
                    <acuerdo_cta>0,00</acuerdo_cta>
                    <resultado_cta>OK</resultado_cta>
                </row>
            </rowset>
        </cuenta>
        <tarjeta>
            <rowset>
                <count>2</count>
                <row>
                    <codiser_tarj>37</codiser_tarj>
                    <nroprod_tarj>00004824690000053342</nroprod_tarj>
                    <razsoc_tarj>DJEMDJEMIAN/JAVIER</razsoc_tarj>
                    <estadot_tarj>20</estadot_tarj>
                    <estadoc_tarj>10</estadoc_tarj>
                    <gruaff_tarj>9234</gruaff_tarj>
                    <desgruaf_tarj>EXCLUSIVE ICBC CLUB</desgruaf_tarj>
                    <titul_tarj>0</titul_tarj>
                    <nomemp_tarj>DJEMDJEMIAN JAVIER ALBERTO</nomemp_tarj>
                    <nrocta_tarj>0374488048</nrocta_tarj>
                    <fecvto_tarj>20170314</fecvto_tarj>
                    <saldisp_tarj>140000,00</saldisp_tarj>
                    <pagmin_tarj>5192,00</pagmin_tarj>
                    <feccie_tarj>20170302</feccie_tarj>
                    <pagtotp_tarj>13360,91</pagtotp_tarj>
                    <pagtotd_tarj>3459,73</pagtotd_tarj>
                    <tarj_hab>0</tarj_hab>
                    <resultado_tarj>OK</resultado_tarj>
                </row>
                <row>
                    <codiser_tarj>61</codiser_tarj>
                    <nroprod_tarj>00005321986390616838</nroprod_tarj>
                    <razsoc_tarj>DJEMDJEMIAN JAVIER ALBER</razsoc_tarj>
                    <estadot_tarj>00</estadot_tarj>
                    <estadoc_tarj> </estadoc_tarj>
                    <gruaff_tarj>0987</gruaff_tarj>
                    <desgruaf_tarj> </desgruaf_tarj>
                    <titul_tarj>0</titul_tarj>
                    <nomemp_tarj> </nomemp_tarj>
                    <nrocta_tarj>0000539606</nrocta_tarj>
                    <fecvto_tarj>20170317</fecvto_tarj>
                    <saldisp_tarj>45000,00</saldisp_tarj>
                    <pagmin_tarj>0,00</pagmin_tarj>
                    <feccie_tarj> </feccie_tarj>
                    <pagtotp_tarj>0,00</pagtotp_tarj>
                    <pagtotd_tarj>0,00</pagtotd_tarj>
                    <tarj_hab>0</tarj_hab>
                    <resultado_tarj>OK</resultado_tarj>
                </row>
            </rowset>
        </tarjeta>
        <fondo>
            <rowset>
                <count>1</count>
                <row>
                    <codiser_fondo>66</codiser_fondo>
                    <nroprod_fondo>00123098100</nroprod_fondo>
                    <razsoc_fondo>CGANCGANYEM GEBYAL ERVALPU</razsoc_fondo>
                    <saldispp_fondo>0,00</saldispp_fondo>
                    <saldispd_fondo>0,00</saldispd_fondo>
                    <fecha_fondo>00010101</fecha_fondo>
                    <resultado_fondo>OK</resultado_fondo>
                </row>
            </rowset>
        </fondo>
        <titulo>
            <rowset>
                <count>2</count>
                <row>
                    <codiser_titulo>64</codiser_titulo>
                    <nroprod_titulo>0522000544546</nroprod_titulo>
                    <razsoc_titulo> </razsoc_titulo>
                    <resultado_titulo> </resultado_titulo>
                </row>
                <row>
                    <codiser_titulo>64</codiser_titulo>
                    <nroprod_titulo>0522000544528</nroprod_titulo>
                    <razsoc_titulo> </razsoc_titulo>
                    <resultado_titulo> </resultado_titulo>
                </row>
            </rowset>
        </titulo>
        <tarj_bnlco>
            <rowset>
                <count>2</count>
                <row>
                    <codiser_tarj_bnlco>74</codiser_tarj_bnlco>
                    <nroprod_tarj_bnlco>44517510025713393000</nroprod_tarj_bnlco>
                    <resultado_tarj_bnlco> </resultado_tarj_bnlco>
                </row>
                <row>
                    <codiser_tarj_bnlco>74</codiser_tarj_bnlco>
                    <nroprod_tarj_bnlco>44517510038677015000</nroprod_tarj_bnlco>
                    <resultado_tarj_bnlco> </resultado_tarj_bnlco>
                </row>
            </rowset>
        </tarj_bnlco>
    </data>
</bsvrsp>