<bsvrsp>
    <header>
        <nombre>corporate_01</nombre>
        <fecha>21052015</fecha>
        <hora>162246</hora>
        <resultado>ok</resultado>
    </header>
    <data>
        <tipodoc>04</tipodoc>
        <nrodoc>0000012488299</nrodoc>
        <numcli> </numcli>
        <tarjeta> </tarjeta>
        <pin>0000</pin>
        <numclie>00894786</numclie>
        <nombre>GOEM VEOPYZPE</nombre>
        <priape>ROTELYE</priape>
        <cuit>0020124882991</cuit>
        <oficial>00414</oficial>
        <direc>PRES GRAL J A ROCA</direc>
        <indfisju>F</indfisju>
        <nro>00251</nro>
        <piso> </piso>
        <depto> </depto>
        <localid>ADROGUE</localid>
        <codpost>1846</codpost>
        <codprov>B</codprov>
        <teltip>01</teltip>
        <telpref>011</telpref>
        <telcar>4293</telcar>
        <telnum>4122</telnum>
        <faxnum>00</faxnum>
        <email>MARIANA.ROSSI@ICBC.COM.AR</email>
        <fenacim>1958-08-25</fenacim>
        <pecnaci>080</pecnaci>
        <orgbkb>111</orgbkb>
        <segment>V03</segment>
        <ofiape>0543</ofiape>
        <empreco>AZPOCYU GOLYCYDU</empreco>
        <tipoact>0344</tipoact>
        <profesi>021</profesi>
        <tipoiva>06</tipoiva>
        <estado>01</estado>
        <condic>01</condic>
        <fealtcl>1993-09-01</fealtcl>
        <fulmodo>2015-04-29</fulmodo>
        <fulacpi>2015-05-21</fulacpi>
        <fulmopi>2015-04-24</fulmopi>
        <estadpi>3</estadpi>
        <cantacc>001</cantacc>
        <modo>T</modo>
        <verdocu>00</verdocu>
        <sexo>M</sexo>
        <calibcra> </calibcra>
        <tipodocpri>04</tipodocpri>
        <nrodocpri>0000012488299</nrodocpri>
        <cantprod>12</cantprod>
        <general>
            <rowset>
                <count>12</count>
                <row>
                    <descrip>CC $</descrip>
                    <nroprod>00150543000200251718</nroprod>
                    <nronoalt>00000054309882331000</nronoalt>
                    <subprod>0001</subprod>
                    <saldo_dispue>+00000639897</saldo_dispue>
                    <limite>+00000000000</limite>
                    <saldo_dispon>+00000639897</saldo_dispon>
                    <org_prod>111</org_prod>
                    <seg_prod>V03</seg_prod>
                    <divisa>ARP</divisa>
                    <estprod> </estprod>
                </row>
                <row>
                    <descrip>CC $</descrip>
                    <nroprod>00150925000210267034</nroprod>
                    <nronoalt>00000092532915660400</nronoalt>
                    <subprod>0001</subprod>
                    <saldo_dispue>+00010588876</saldo_dispue>
                    <limite>+00003000000</limite>
                    <saldo_dispon>+00013588876</saldo_dispon>
                    <org_prod>111</org_prod>
                    <seg_prod>V03</seg_prod>
                    <divisa>ARP</divisa>
                    <estprod> </estprod>
                </row>
                <row>
                    <descrip>CA U$S</descrip>
                    <nroprod>00150501001114073731</nroprod>
                    <nronoalt> </nronoalt>
                    <subprod>0032</subprod>
                    <saldo_dispue>+00002207500</saldo_dispue>
                    <limite>+00000000000</limite>
                    <saldo_dispon>+00002207500</saldo_dispon>
                    <org_prod>111</org_prod>
                    <seg_prod>V03</seg_prod>
                    <divisa>USB</divisa>
                    <estprod> </estprod>
                </row>
                <row>
                    <descrip>CTAMAS</descrip>
                    <nroprod>00150501003410198598</nroprod>
                    <nronoalt>00000000000009355026</nronoalt>
                    <subprod> </subprod>
                    <saldo_dispue>+00000000000</saldo_dispue>
                    <limite>+00000000000</limite>
                    <saldo_dispon>+00000000000</saldo_dispon>
                    <org_prod>111</org_prod>
                    <seg_prod>V03</seg_prod>
                    <divisa> </divisa>
                    <estprod> </estprod>
                </row>
                <row>
                    <descrip>CTAVIS</descrip>
                    <nroprod>00150543003510014495</nroprod>
                    <nronoalt>00000000000010770238</nronoalt>
                    <subprod> </subprod>
                    <saldo_dispue>+00000000000</saldo_dispue>
                    <limite>+00000000000</limite>
                    <saldo_dispon>+00000000000</saldo_dispon>
                    <org_prod>111</org_prod>
                    <seg_prod>V03</seg_prod>
                    <divisa> </divisa>
                    <estprod> </estprod>
                </row>
                <row>
                    <descrip>VISA</descrip>
                    <nroprod>00150543003711183366</nroprod>
                    <nronoalt>00004546590903374208</nronoalt>
                    <subprod> </subprod>
                    <saldo_dispue>+00000000000</saldo_dispue>
                    <limite>+00000000000</limite>
                    <saldo_dispon>+00000000000</saldo_dispon>
                    <org_prod> </org_prod>
                    <seg_prod> </seg_prod>
                    <divisa> </divisa>
                    <estprod>00</estprod>
                </row>
                <row>
                    <descrip>MASTIT</descrip>
                    <nroprod>00150501006110333450</nroprod>
                    <nronoalt>00005466249355026013</nronoalt>
                    <subprod> </subprod>
                    <saldo_dispue>+00000000000</saldo_dispue>
                    <limite>+00000000000</limite>
                    <saldo_dispon>+00000000000</saldo_dispon>
                    <org_prod> </org_prod>
                    <seg_prod> </seg_prod>
                    <divisa> </divisa>
                    <estprod> </estprod>
                </row>
                <row>
                    <descrip>MASTIT</descrip>
                    <nroprod>00150501006110552373</nroprod>
                    <nronoalt>00005466240000159226</nronoalt>
                    <subprod> </subprod>
                    <saldo_dispue>+00000000000</saldo_dispue>
                    <limite>+00000000000</limite>
                    <saldo_dispon>+00000000000</saldo_dispon>
                    <org_prod> </org_prod>
                    <seg_prod> </seg_prod>
                    <divisa> </divisa>
                    <estprod> </estprod>
                </row>
                <row>
                    <descrip>BANE</descrip>
                    <nroprod>00150543007412893456</nroprod>
                    <nronoalt>45175100273072850001</nronoalt>
                    <subprod> </subprod>
                    <saldo_dispue>+00000000000</saldo_dispue>
                    <limite>+00000000000</limite>
                    <saldo_dispon>+00000000000</saldo_dispon>
                    <org_prod> </org_prod>
                    <seg_prod> </seg_prod>
                    <divisa> </divisa>
                    <estprod> </estprod>
                </row>
                <row>
                    <descrip>ED</descrip>
                    <nroprod>00000501007610238142</nroprod>
                    <nronoalt>00000000000000894786</nronoalt>
                    <subprod> </subprod>
                    <saldo_dispue>+00000000000</saldo_dispue>
                    <limite>+00000000000</limite>
                    <saldo_dispon>+00000000000</saldo_dispon>
                    <org_prod> </org_prod>
                    <seg_prod> </seg_prod>
                    <divisa> </divisa>
                    <estprod> </estprod>
                </row>
                <row>
                    <descrip>SEGURO</descrip>
                    <nroprod>00150225008711223926</nroprod>
                    <nronoalt>07000000000000096152</nronoalt>
                    <subprod> </subprod>
                    <saldo_dispue>+00000000000</saldo_dispue>
                    <limite>+00000000000</limite>
                    <saldo_dispon>+00000000000</saldo_dispon>
                    <org_prod> </org_prod>
                    <seg_prod> </seg_prod>
                    <divisa> </divisa>
                    <estprod> </estprod>
                </row>
                <row>
                    <descrip>SEGURO</descrip>
                    <nroprod>00150225008711491550</nroprod>
                    <nronoalt>07000000000001530079</nronoalt>
                    <subprod> </subprod>
                    <saldo_dispue>+00000000000</saldo_dispue>
                    <limite>+00000000000</limite>
                    <saldo_dispon>+00000000000</saldo_dispon>
                    <org_prod> </org_prod>
                    <seg_prod> </seg_prod>
                    <divisa> </divisa>
                    <estprod> </estprod>
                </row>
            </rowset>
        </general>
    </data>
</bsvrsp>