<?xml version="1.0" encoding="ISO-8859-1"?>
<bsvrsp>
    <header>
        <resultado>ok</resultado>
        <nombre/>
        <fecha/>
        <hora/>
    </header>
    <data>
        <resp_cod>00</resp_cod>
        <debin_id>D5R7ZG0QND7O5E2EXYPOJK</debin_id>
        <creacion>2017-08-02T14:05:00-03:00</creacion>
        <vencimiento>2017-08-03T14:04:00-03:00</vencimiento>
        <estado_cod>00</estado_cod>
        <estado_desc>ADHERIDO</estado_desc>
        <concepto/>
        <id_usuario>123</id_usuario>
        <id_comprobante>1234</id_comprobante>
        <importe>82.34</importe>
        <moneda>ARP</moneda>
        <descripcion>desc</descripcion>
        <vendedor_cuit>20227307464</vendedor_cuit>
        <vendedor_nombre>PRUEBA ICBC ALIAS</vendedor_nombre>
        <vendedor_terminal>sddsd</vendedor_terminal>
        <vendedor_cuenta_alias>AliasSoap0</vendedor_cuenta_alias>
        <vendedor_cuenta_banco/>
        <vendedor_cuenta_cbu>0150545001000000804580</vendedor_cuenta_cbu>
        <vendedor_cuenta_sucursal/>
        <vendedor_cuenta_moneda/>
        <vendedor_cuenta_tipo>01</vendedor_cuenta_tipo>
        <vendedor_cuenta_numero/>
        <vendedor_cuenta_fecha_alta/>
        <vendedor_cuenta_es_titular>true</vendedor_cuenta_es_titular>
        <comprador_cuit>20294602985</comprador_cuit>
        <comprador_nombre>Ignacio Lucas</comprador_nombre>
        <comprador_cuenta_cbu>0150549801000102938048</comprador_cuenta_cbu>
        <comprador_cuenta_banco/>
        <comprador_cuenta_sucursal/>
        <comprador_cuenta_alias>aliasignacio        </comprador_cuenta_alias>
        <comprador_cuenta_moneda/>
        <comprador_cuenta_tipo>02</comprador_cuenta_tipo>
        <comprador_cuenta_numero/>
        <comprador_cuenta_fecha_alta/>
        <comprador_cuenta_es_titular>true</comprador_cuenta_es_titular>
        <resp_desc/>
    </data>
</bsvrsp>