<?xml version="1.0" encoding="ISO-8859-1"?>
<bsvrsp>
    <header>
        <resultado>ok</resultado>
        <nombre/>
        <fecha/>
        <hora/>
    </header>
    <data>
        <resp_cod>00</resp_cod>
        <debin_pag_sig>2</debin_pag_sig>
        <general>
            <rowset>
                <count>4</count>
                <row>
                    <debin_id>JWORD6LEN8R6QG2M1Y30VQ</debin_id>
                    <vencimiento>2017-08-01T16:44:00-03:00</vencimiento>
                    <estado_cod>0100</estado_cod>
                    <estado_desc/>
                    <concepto>VAR</concepto>
                    <importe>82.34</importe>
                    <fecha_desde/>
                    <fecha_hasta/>
                    <comprador_cuit>20926215613</comprador_cuit>
                    <comprador_nombre>MATIAS FERNANDEZ</comprador_nombre>
                    <comprador_cuenta_cbu/>
                    <comprador_cuenta_banco/>
                    <comprador_cuenta_sucursal/>
                    <comprador_cuenta_moneda/>
                    <comprador_cuenta_tipo/>
                    <comprador_cuenta_numero/>
                    <comprador_cuenta_fecha_alta/>
                    <comprador_cuenta_es_titular>false</comprador_cuenta_es_titular>
                    <vendedor_cuit>20227307464</vendedor_cuit>
                    <vendedor_nombre>PRUEBA ICBC ALIAS</vendedor_nombre>
                    <vendedor_terminal>sddsd</vendedor_terminal>
                    <vendedor_cuenta_banco/>
                    <vendedor_cuenta_cbu/>
                    <vendedor_cuenta_sucursal/>
                    <vendedor_cuenta_moneda/>
                    <vendedor_cuenta_tipo/>
                    <vendedor_cuenta_numero/>
                    <vendedor_cuenta_fecha_alta/>
                    <vendedor_cuenta_es_titular>false</vendedor_cuenta_es_titular>
                </row>
                <row>
                    <debin_id>D5R7ZG0QND7OJ02EXYPOJK</debin_id>
                    <vencimiento>2017-08-01T16:54:00-03:00</vencimiento>
                    <estado_cod>0100</estado_cod>
                    <estado_desc/>
                    <concepto>VAR</concepto>
                    <importe>82.34</importe>
                    <fecha_desde/>
                    <fecha_hasta/>
                    <comprador_cuit>20926215613</comprador_cuit>
                    <comprador_nombre>MATIAS FERNANDEZ</comprador_nombre>
                    <comprador_cuenta_cbu/>
                    <comprador_cuenta_banco/>
                    <comprador_cuenta_sucursal/>
                    <comprador_cuenta_moneda/>
                    <comprador_cuenta_tipo/>
                    <comprador_cuenta_numero/>
                    <comprador_cuenta_fecha_alta/>
                    <comprador_cuenta_es_titular>false</comprador_cuenta_es_titular>
                    <vendedor_cuit>20227307464</vendedor_cuit>
                    <vendedor_nombre>PRUEBA ICBC ALIAS</vendedor_nombre>
                    <vendedor_terminal>sddsd</vendedor_terminal>
                    <vendedor_cuenta_banco/>
                    <vendedor_cuenta_cbu/>
                    <vendedor_cuenta_sucursal/>
                    <vendedor_cuenta_moneda/>
                    <vendedor_cuenta_tipo/>
                    <vendedor_cuenta_numero/>
                    <vendedor_cuenta_fecha_alta/>
                    <vendedor_cuenta_es_titular>false</vendedor_cuenta_es_titular>
                </row>
                <row>
                    <debin_id>7XJMQKYZ9Q15E62V50P318</debin_id>
                    <vencimiento>2017-08-01T21:00:00-03:00</vencimiento>
                    <estado_cod>0100</estado_cod>
                    <estado_desc/>
                    <concepto>VAR</concepto>
                    <importe>212210.1</importe>
                    <fecha_desde/>
                    <fecha_hasta/>
                    <comprador_cuit>20926215613</comprador_cuit>
                    <comprador_nombre>MATIAS FERNANDEZ</comprador_nombre>
                    <comprador_cuenta_cbu/>
                    <comprador_cuenta_banco/>
                    <comprador_cuenta_sucursal/>
                    <comprador_cuenta_moneda/>
                    <comprador_cuenta_tipo/>
                    <comprador_cuenta_numero/>
                    <comprador_cuenta_fecha_alta/>
                    <comprador_cuenta_es_titular>false</comprador_cuenta_es_titular>
                    <vendedor_cuit>20227307464</vendedor_cuit>
                    <vendedor_nombre>PRUEBA ICBC ALIAS</vendedor_nombre>
                    <vendedor_terminal>Lavarden 247</vendedor_terminal>
                    <vendedor_cuenta_banco/>
                    <vendedor_cuenta_cbu/>
                    <vendedor_cuenta_sucursal/>
                    <vendedor_cuenta_moneda/>
                    <vendedor_cuenta_tipo/>
                    <vendedor_cuenta_numero/>
                    <vendedor_cuenta_fecha_alta/>
                    <vendedor_cuenta_es_titular>false</vendedor_cuenta_es_titular>
                </row>
                <row>
                    <debin_id>VYZ6OLMDN3YWW52E7RQ5XW</debin_id>
                    <vencimiento>2017-08-01T21:00:00-03:00</vencimiento>
                    <estado_cod>0100</estado_cod>
                    <estado_desc/>
                    <concepto>EXP</concepto>
                    <importe>200</importe>
                    <fecha_desde/>
                    <fecha_hasta/>
                    <comprador_cuit>20926215613</comprador_cuit>
                    <comprador_nombre>MATIAS FERNANDEZ</comprador_nombre>
                    <comprador_cuenta_cbu/>
                    <comprador_cuenta_banco/>
                    <comprador_cuenta_sucursal/>
                    <comprador_cuenta_moneda/>
                    <comprador_cuenta_tipo/>
                    <comprador_cuenta_numero/>
                    <comprador_cuenta_fecha_alta/>
                    <comprador_cuenta_es_titular>false</comprador_cuenta_es_titular>
                    <vendedor_cuit>20227307464</vendedor_cuit>
                    <vendedor_nombre>PRUEBA ICBC ALIAS</vendedor_nombre>
                    <vendedor_terminal>Lavarden 247</vendedor_terminal>
                    <vendedor_cuenta_banco/>
                    <vendedor_cuenta_cbu/>
                    <vendedor_cuenta_sucursal/>
                    <vendedor_cuenta_moneda/>
                    <vendedor_cuenta_tipo/>
                    <vendedor_cuenta_numero/>
                    <vendedor_cuenta_fecha_alta/>
                    <vendedor_cuenta_es_titular>false</vendedor_cuenta_es_titular>
                </row>
            </rowset>
        </general>
        <resp_desc/>
    </data>
</bsvrsp>