<?xml version="1.0" encoding="ISO-8859-1"?>
<bsvreq>
	<header>
		<canal>aamr</canal>
		<usuario>aamrusr</usuario>
		<password>aamr2015</password>
		<requerimiento>debin_consultar_vendedor</requerimiento>
		<txid>566464654</txid>
	</header>
	<data>
		<backend>XXXXXXXX</backend>
		<vendedor_terminal>XXXXXXXX</vendedor_terminal>
		<vendedor_datos_terminal>Mozilla</vendedor_datos_terminal>
		<vendedor_cuit>12-12345678-1</vendedor_cuit>
		<vendedor_canal>E</vendedor_canal>
		<vendedor_ip>192.168.1.105</vendedor_ip>
		<vendedor_tipo_docu>650</vendedor_tipo_docu>
		<vendedor_nro_docu>5623251145215425</vendedor_nro_docu>
	</data>
</bsvreq>
