<?xml version="1.0" encoding="ISO-8859-1"?>
<bsvreq>
	<header>
		<usuario>retailusr</usuario>
		<password>bp200108bkb</password>
		<canal>retail</canal>
		<id-conexion>666</id-conexion>
		<requerimiento>debin_listar</requerimiento>
		<remote_host>xdapeb03</remote_host>
	</header>
	<data>
		<comprador_cuenta_banco>015</comprador_cuenta_banco>
		<comprador_canal>retail</comprador_canal>
		<comprador_cuit>20926215613</comprador_cuit>
		<comprador_ip>192.168.1.1</comprador_ip>
		<comprador_tipo_docu>DNI</comprador_tipo_docu>
		<comprador_nro_docu>92621561</comprador_nro_docu>
		<comprador_cuenta_cbu>150532001000142000000</comprador_cuenta_cbu>
		<comprador_cuenta_tipo>CA</comprador_cuenta_tipo>
		<comprador_cuenta_numero>5320114254736</comprador_cuenta_numero>
		<debin_creacion_fecha_desde>01/01/2016</debin_creacion_fecha_desde>
		<debin_creacion_fecha_hasta>01/08/2017</debin_creacion_fecha_hasta>
		<listado_pagina>1</listado_pagina>
	</data>
</bsvreq>

