<?xml version="1.0" encoding="ISO-8859-1"?>
<bsvreq>
	<header>
		<usuario>retailusr</usuario>
		<password>bp200108bkb</password>
		<canal>retail</canal>
		<id-conexion>666</id-conexion>
		<requerimiento>debin_eliminar</requerimiento>
		<remote_host>xdapeb03</remote_host>
	</header>
	<data>
		<vendedor_cuit>0020223814434</vendedor_cuit>
		<vendedor_canal>acc</vendedor_canal>
		<vendedor_ip>192.168.1.1</vendedor_ip>
		<vendedor_datos_terminal></vendedor_datos_terminal>
		<vendedor_tipo_docu></vendedor_tipo_docu>
		<vendedor_nro_docu></vendedor_nro_docu>
		<debin_id>101</debin_id>
	</data>
</bsvreq>