<?xml version="1.0" encoding="ISO-8859-1"?>
<bsvreq>
	<header>
		<canal>aamr</canal>
		<usuario>aamrusr</usuario>
		<password>aamr2015</password>
		<requerimiento>debin_consultar_comprador</requerimiento>
		<txid>566464654</txid>
	</header>
	<data>
		<backend>XXXXXXXX</backend>
		<comprador_terminal>XXXXXXXX</comprador_terminal>
		<comprador_datos_terminal>Mozilla</comprador_datos_terminal>
		<comprador_cuit>12-12345678-1</comprador_cuit>
		<comprador_canal>E</comprador_canal>
		<comprador_ip>192.168.1.105</comprador_ip>
		<comprador_tipo_docu>650</comprador_tipo_docu>
		<comprador_nro_docu>5623251145215425</comprador_nro_docu>
	</data>
</bsvreq>
