<?xml version="1.0" encoding="ISO-8859-1"?>
<bsvreq>
	<header>
		<canal>aamr</canal>
		<usuario>aamrusr</usuario>
		<password>aamr2015</password>
		<requerimiento>debin_baja_cuenta_vendedor</requerimiento>
		<txid>566464654</txid>
	</header>
	<data>
		<backend>XXXXXXXX</backend>
		<vendedor_terminal>XXXXXXXX</vendedor_terminal>
		<vendedor_canal>E</vendedor_canal>
		<vendedor_ip>192.168.1.105</vendedor_ip>
		<vendedor_datos_terminal>Mozilla</vendedor_datos_terminal>
		<vendedor_cuit>12-12345678-1</vendedor_cuit>
		<vendedor_tipo_docu>12</vendedor_tipo_docu>
		<vendedor_nro_docu>123456789</vendedor_nro_docu>
		<vendedor_cuenta_cbu>123456789123456789</vendedor_cuenta_cbu>
		<vendedor_cuenta_banco>024</vendedor_cuenta_banco>
		<vendedor_cuenta_sucursal>856</vendedor_cuenta_sucursal>
		<vendedor_cuenta_moneda>021</vendedor_cuenta_moneda>
		<vendedor_cuenta_tipo>45</vendedor_cuenta_tipo>
		<vendedor_cuenta_numero>123456789123456789</vendedor_cuenta_numero>
		<vendedor_cuenta_fecha_alta>12/30/2015</vendedor_cuenta_fecha_alta>
		<vendedor_cuenta_es_titular>true</vendedor_cuenta_es_titular>
	</data>
</bsvreq>
