<?xml version="1.0" encoding="ISO-8859-1"?>
<bsvreq>
	<header>
		<canal>aamr</canal>
		<usuario>aamrusr</usuario>
		<password>aamr2015</password>
		<requerimiento>debin_adhesion_comprador</requerimiento>
		<txid>566464654</txid>
	</header>
	<data>
		<backend>backend</backend>
		<comprador_terminal>comprador_terminal</comprador_terminal>
		<comprador_canal>E</comprador_canal>
		<comprador_ip>192.168.1.105</comprador_ip>
		<comprador_datos_terminal>Mozilla</comprador_datos_terminal>
		<comprador_cuit>12-12345678-1</comprador_cuit>
		<comprador_tipo_docu>12</comprador_tipo_docu>
		<comprador_nro_docu>123456789</comprador_nro_docu>
		<comprador_email>asd@asd.com</comprador_email>
		<comprador_endpoint>015108402</comprador_endpoint>
		<comprador_cuenta_cbu>123456789</comprador_cuenta_cbu>
		<comprador_cuenta_banco>024</comprador_cuenta_banco>
		<comprador_cuenta_sucursal>856</comprador_cuenta_sucursal>
		<comprador_cuenta_moneda>021</comprador_cuenta_moneda>
		<comprador_cuenta_tipo>45</comprador_cuenta_tipo>
		<comprador_cuenta_numero>123456789</comprador_cuenta_numero>
		<comprador_cuenta_fecha_alta>12/30/2015</comprador_cuenta_fecha_alta>
		<comprador_cuenta_es_titular>false</comprador_cuenta_es_titular>
	</data>
</bsvreq>
