<?xml version="1.0" encoding="ISO-8859-1"?>
<bsvreq>
	<header>
		<usuario>retailusr</usuario>
		<password>bp200108bkb</password>
		<canal>retail</canal>
		<id-conexion>666</id-conexion>
		<requerimiento>debin_crear</requerimiento>
		<remote_host>xdapeb03</remote_host>
	</header>
	<data>
		<vendedor_cuit>20932822483</vendedor_cuit>
		<vendedor_cuenta_cbu>0150501601000320856887</vendedor_cuenta_cbu>
		<vendedor_cuenta_banco>015</vendedor_cuenta_banco>
		<comprador_cuit>0020223814434</comprador_cuit>
		<detalle_concepto>Expensas</detalle_concepto>
		<detalle_descripcion>alguna descripciòn</detalle_descripcion>
		<detalle_moneda>$</detalle_moneda>
		<detalle_importe>232323</detalle_importe>
	</data>
</bsvreq>
