<?xml version="1.0" encoding="ISO-8859-1" ?>
<respuesta>
	<codigo_respuesta>01</codigo_respuesta>
	<S105>
		<categoria>72</categoria> 
		<consumo>
			<tarjeta>0123456789123456</tarjeta> 
			<establecimiento>estableci</establecimiento>
			<fecha>11112012</fecha>
			<cupon>01234567</cupon>
			<descripcion>Descripci�n de ejemplo, cuarenta caract.</descripcion>
			<monto>0000010000000</monto>
			<moneda>ARP</moneda>
		</consumo>
	</S105>
	<S106>
		<categoria>4</categoria>
		<consumo>
			<tarjeta>0123456789123456</tarjeta> 
			<establecimiento>estableci</establecimiento>
			<fecha>11112012</fecha>
			<cupon>01234567</cupon>
			<descripcion>Descripci�n de ejemplo, cuarenta caract.</descripcion>
			<monto>0000010000000</monto>
			<moneda>ARP</moneda>
		</consumo>
	</S106>
	<S126>
		<lote>99</lote>
	</S126>
</respuesta>