<?xml version="1.0" encoding="ISO-8859-1"?>
<bsvrsp>
	<header>
		<resultado>ok</resultado>
	</header>
	<data>
		<resp_num>0100</resp_num>
		<resp_desc>ALIAS ENCONTRADO</resp_desc>
		<alias_valor>altoalias4982</alias_valor>
		<alias_id>null</alias_id>
		<alias_valor_original>altoalias4982</alias_valor_original>
		<reasigna>null</reasigna>
		<trx>66879277</trx>
		<persona_tipo>F</persona_tipo>
		<persona_nombre>Prueba ICBC Alias</persona_nombre>
		<persona_cuit>20932822483</persona_cuit>
		<cuenta_activa>true</cuenta_activa>
		<cuenta_cbu>0150501601000106228914</cuenta_cbu>
		<cuenta_cbu_anterior>0150501601000106228914</cuenta_cbu_anterior>
		<cuenta_tipo>10</cuenta_tipo>
		<cuenta_banco>015</cuenta_banco>
		<titulares>
			<rowset>
				<count>1</count>
				<row>
					<persona_tipo>F</persona_tipo>
					<persona_nombre>Prueba ICBC Alias</persona_nombre>
					<persona_cuit>20932822483</persona_cuit>
				</row>
			</rowset>
		</titulares>
	</data>
</bsvrsp>