<?xml version="1.0" encoding="ISO-8859-1"?>
<bsvrsp>
    <header>
        <nombre>retail_11</nombre>
        <txid>62b5b9be2679490994ef07a8a00f76c7</txid>
        <fecha>14032019</fecha>
        <hora>155717</hora>
        <resultado>ok</resultado>
        <aviso>
            <codigo>BGA0062</codigo>
            <mensaje>OK</mensaje>
        </aviso>
    </header>
    <data>
        <producto>17</producto>
        <subproducto>0001</subproducto>
        <segmento>BAE</segmento>
        <tarifa>0001</tarifa>
        <organizacion>001</organizacion>
        <general>
            <rowset>
                <count>13</count>
                <row>
                    <lin_plazos>00030 # 00037</lin_plazos>
                </row>
                <row>
                    <lin_plazos>00038 # 00059</lin_plazos>
                </row>
                <row>
                    <lin_plazos>00060 # 00089</lin_plazos>
                </row>
                <row>
                    <lin_plazos>00090 # 00097</lin_plazos>
                </row>
                <row>
                    <lin_plazos>00098 # 00119</lin_plazos>
                </row>
                <row>
                    <lin_plazos>00120 # 00149</lin_plazos>
                </row>
                <row>
                    <lin_plazos>00150 # 00179</lin_plazos>
                </row>
                <row>
                    <lin_plazos>00180 # 00187</lin_plazos>
                </row>
                <row>
                    <lin_plazos>00188 # 00269</lin_plazos>
                </row>
                <row>
                    <lin_plazos>00270 # 00364</lin_plazos>
                </row>
                <row>
                    <lin_plazos>00365 # 00370</lin_plazos>
                </row>
                <row>
                    <lin_plazos>00371 # 00539</lin_plazos>
                </row>
                <row>
                    <lin_plazos>00540 # 00540</lin_plazos>
                </row>
            </rowset>
        </general>
    </data>
</bsvrsp>