<?xml version="1.0" encoding="UTF-8"?>
<bsvrsp>
   <header>
      <resultado>ok</resultado>
      <nombre />
      <fecha />
      <hora />
   </header>
   <data>
      <resp_cod>00</resp_cod>
      <debin_id>V8D0Q619LYLY3327JZ5RGE</debin_id>
      <creacion>2019-02-17T14:44:00-03:00</creacion>
      <vencimiento>2019-02-19T14:44:00-03:00</vencimiento>
      <estado_cod />
      <estado_desc>INICIADO</estado_desc>
      <concepto>VAR</concepto>
      <id_usuario>0</id_usuario>
      <id_comprobante>0</id_comprobante>
      <importe>2.0</importe>
      <moneda>ARP</moneda>
      <descripcion>OTRA COSA</descripcion>
      <evaluacion_puntaje>0</evaluacion_puntaje>
      <evaluacion_reglas />
      <tipo>debin</tipo>
      <preautorizado>false</preautorizado>
      <id_operacion_original />
      <garantia_ok>true</garantia_ok>
      <vendedor_cuit>220331550346</vendedor_cuit>
      <vendedor_nombre>2KREIMAN MATIAS EZEQUIEL</vendedor_nombre>
      <vendedor_terminal />
      <vendedor_cuenta_alias>2matikrei</vendedor_cuenta_alias>
      <vendedor_cuenta_banco>BOD</vendedor_cuenta_banco>
      <vendedor_cuenta_cbu>0150501601000106228914</vendedor_cuenta_cbu>
      <vendedor_cuenta_sucursal>0132</vendedor_cuenta_sucursal>
      <vendedor_cuenta_moneda />
      <vendedor_cuenta_tipo>01</vendedor_cuenta_tipo>
      <vendedor_cuenta_numero>28800002530129</vendedor_cuenta_numero>
      <vendedor_cuenta_es_titular>false</vendedor_cuenta_es_titular>
      <comprador_cuit>220253718588</comprador_cuit>
      <comprador_nombre>2ROBERTO JAVIER PIRIZ</comprador_nombre>
      <comprador_cuenta_cbu>0150501601000106228914</comprador_cuenta_cbu>
      <comprador_cuenta_banco>2ICBC</comprador_cuenta_banco>
      <comprador_cuenta_sucursal>0917</comprador_cuenta_sucursal>
      <comprador_cuenta_alias>2CA-Robert</comprador_cuenta_alias>
      <comprador_cuenta_moneda />
      <comprador_cuenta_tipo>01</comprador_cuenta_tipo>
      <comprador_estado_cod>00</comprador_estado_cod>
      <comprador_estado_desc>Adherido</comprador_estado_desc>
      <comprador_cuenta_numero>20100010473640</comprador_cuenta_numero>
      <comprador_cuenta_es_titular>false</comprador_cuenta_es_titular>
      <resp_desc />
   </data>
</bsvrsp>