<?xml version="1.0" encoding="ISO-8859-1"?>
<bsvrsp>
    <header>
        <nombre>corporate_01</nombre>
        <fecha>28032018</fecha>
        <hora>103126</hora>
        <resultado>ok</resultado>
    </header>
    <data>
        <cliente>
            <rowset>
                <count>1</count>
                <row>
                    <numclien>00016229</numclien>
                    <codident>04</codident>
                    <claident>0000025314948</claident>
                    <cuit>0027253149480</cuit>
                    <secuident>00</secuident>
                    <version>1</version>
                    <sexo_sal>F</sexo_sal>
                    <priape>EJUZPYMU</priape>
                    <nombre>JLEDYARE LUZERYE</nombre>
                    <orgbkb>002</orgbkb>
                    <segmento>DWE</segmento>
                    <oficial>00682</oficial>
                    <tipifjur>F</tipifjur>
                    <fenacimi>1976-08-25</fenacimi>
                    <telefono>011  4362 11200</telefono>
                    <mail>MARTIN.KMITA@ICBC.COM.AR</mail>
                    <resultado_clien> </resultado_clien>
                </row>
            </rowset>
        </cliente>
        <cuenta>
            <rowset>
                <count>5</count>
                <row>
                    <codiser_cta>01</codiser_cta>
                    <nroprod_cta>001505010110622891</nroprod_cta>
                    <razsoc_cta>JLEDYARE LUZERYE EJUZPYMU</razsoc_cta>
                    <estado_cta>A</estado_cta>
                    <subprod_cta>0304</subprod_cta>
                    <desrcsub_cta>CA$ BD 304</desrcsub_cta>
                    <desacsub_cta>CUENTA SUELDO</desacsub_cta>
                    <saldo_cta>61936,72</saldo_cta>
                    <acuerdo_cta>0,00</acuerdo_cta>
                    <resultado_cta>OK</resultado_cta>
                </row>
                <row>
                    <codiser_cta>02</codiser_cta>
                    <nroprod_cta>001505110210411211</nroprod_cta>
                    <razsoc_cta>JLEDYARE LUZERYE EJUZPYMU</razsoc_cta>
                    <estado_cta>A</estado_cta>
                    <subprod_cta>0013</subprod_cta>
                    <desrcsub_cta>CC TRANS.</desrcsub_cta>
                    <desacsub_cta>CTA CTE TRANSAC</desacsub_cta>
                    <saldo_cta>2000,00</saldo_cta>
                    <acuerdo_cta>2000,00</acuerdo_cta>
                    <resultado_cta>OK</resultado_cta>
                </row>
                <row>
                    <codiser_cta>07</codiser_cta>
                    <nroprod_cta>001505110710576171</nroprod_cta>
                    <razsoc_cta>JLEDYARE LUZERYE EJUZPYMU</razsoc_cta>
                    <estado_cta>A</estado_cta>
                    <subprod_cta>0002</subprod_cta>
                    <desrcsub_cta>PF RENTA$</desrcsub_cta>
                    <desacsub_cta>PLAZO FIJO RENTA $</desacsub_cta>
                    <saldo_cta>0,00</saldo_cta>
                    <acuerdo_cta>0,00</acuerdo_cta>
                    <resultado_cta>OK</resultado_cta>
                </row>
                <row>
                    <codiser_cta>07</codiser_cta>
                    <nroprod_cta>001505110710576244</nroprod_cta>
                    <razsoc_cta>JLEDYARE LUZERYE EJUZPYMU</razsoc_cta>
                    <estado_cta>A</estado_cta>
                    <subprod_cta>0001</subprod_cta>
                    <desrcsub_cta>PF $</desrcsub_cta>
                    <desacsub_cta>PLAZO FIJO EN PESOS</desacsub_cta>
                    <saldo_cta>0,00</saldo_cta>
                    <acuerdo_cta>0,00</acuerdo_cta>
                    <resultado_cta>OK</resultado_cta>
                </row>
                <row>
                    <codiser_cta>11</codiser_cta>
                    <nroprod_cta>001505111110343466</nroprod_cta>
                    <razsoc_cta>JLEDYARE LUZERYE EJUZPYMU</razsoc_cta>
                    <estado_cta>A</estado_cta>
                    <subprod_cta>0001</subprod_cta>
                    <desrcsub_cta>CA USB</desrcsub_cta>
                    <desacsub_cta>C AHORRO U$S TRIMESTRAL.</desacsub_cta>
                    <saldo_cta>0,00</saldo_cta>
                    <acuerdo_cta>0,00</acuerdo_cta>
                    <resultado_cta>OK</resultado_cta>
                </row>
            </rowset>
        </cuenta>
        <tarjeta>
            <rowset>
                <count>4</count>
                <row>
                    <codiser_tarj>37</codiser_tarj>
                    <nroprod_tarj>00004824690000216972</nroprod_tarj>
                    <razsoc_tarj>AGOSTINO/GRACIELA R</razsoc_tarj>
                    <estadot_tarj>20</estadot_tarj>
                    <estadoc_tarj>10</estadoc_tarj>
                    <gruaff_tarj>9234</gruaff_tarj>
                    <desgruaf_tarj>EXCLUSIVE ICBC CLUB</desgruaf_tarj>
                    <titul_tarj>0</titul_tarj>
                    <nomemp_tarj>AGOSTINO GRACIELA R</nomemp_tarj>
                    <nrocta_tarj>0093445957</nrocta_tarj>
                    <fecvto_tarj>20180312</fecvto_tarj>
                    <saldisp_tarj>220000,00</saldisp_tarj>
                    <pagmin_tarj>473,00</pagmin_tarj>
                    <feccie_tarj>20180301</feccie_tarj>
                    <pagtotp_tarj>4224,86</pagtotp_tarj>
                    <pagtotd_tarj>0,00</pagtotd_tarj>
                    <tarj_hab>0</tarj_hab>
                    <resultado_tarj>OK</resultado_tarj>
                </row>
                <row>
                    <codiser_tarj>37</codiser_tarj>
                    <nroprod_tarj>00004423120000420601</nroprod_tarj>
                    <razsoc_tarj>AGOSTINO/GRACIELA R</razsoc_tarj>
                    <estadot_tarj>22</estadot_tarj>
                    <estadoc_tarj>10</estadoc_tarj>
                    <gruaff_tarj>9234</gruaff_tarj>
                    <desgruaf_tarj>EXCLUSIVE ICBC CLUB</desgruaf_tarj>
                    <titul_tarj>0</titul_tarj>
                    <nomemp_tarj>AGOSTINO GRACIELA R</nomemp_tarj>
                    <nrocta_tarj>0093445957</nrocta_tarj>
                    <fecvto_tarj>20180312</fecvto_tarj>
                    <saldisp_tarj>220000,00</saldisp_tarj>
                    <pagmin_tarj>473,00</pagmin_tarj>
                    <feccie_tarj>20180301</feccie_tarj>
                    <pagtotp_tarj>4224,86</pagtotp_tarj>
                    <pagtotd_tarj>0,00</pagtotd_tarj>
                    <tarj_hab>5</tarj_hab>
                    <resultado_tarj>OK</resultado_tarj>
                </row>
                <row>
                    <codiser_tarj>38</codiser_tarj>
                    <nroprod_tarj>00004864220004114501</nroprod_tarj>
                    <razsoc_tarj>AGOSTINO/GRACIELA R</razsoc_tarj>
                    <estadot_tarj>20</estadot_tarj>
                    <estadoc_tarj>10</estadoc_tarj>
                    <gruaff_tarj>0000</gruaff_tarj>
                    <desgruaf_tarj> </desgruaf_tarj>
                    <titul_tarj>E</titul_tarj>
                    <nomemp_tarj>TUTEUR SACIFIA</nomemp_tarj>
                    <nrocta_tarj>0504285367</nrocta_tarj>
                    <fecvto_tarj>20180314</fecvto_tarj>
                    <saldisp_tarj>0,00</saldisp_tarj>
                    <pagmin_tarj>103933,00</pagmin_tarj>
                    <feccie_tarj>20180301</feccie_tarj>
                    <pagtotp_tarj>72337,18</pagtotp_tarj>
                    <pagtotd_tarj>1541,26</pagtotd_tarj>
                    <tarj_hab>0</tarj_hab>
                    <resultado_tarj>OK</resultado_tarj>
                </row>
                <row>
                    <codiser_tarj>61</codiser_tarj>
                    <nroprod_tarj>00005197143295137392</nroprod_tarj>
                    <razsoc_tarj>AGOSTINO GRACIELA ROSALI</razsoc_tarj>
                    <estadot_tarj>00</estadot_tarj>
                    <estadoc_tarj> </estadoc_tarj>
                    <gruaff_tarj>0746</gruaff_tarj>
                    <desgruaf_tarj> </desgruaf_tarj>
                    <titul_tarj>0</titul_tarj>
                    <nomemp_tarj> </nomemp_tarj>
                    <nrocta_tarj>0006226212</nrocta_tarj>
                    <fecvto_tarj>20180308</fecvto_tarj>
                    <saldisp_tarj>50000,00</saldisp_tarj>
                    <pagmin_tarj>490,00</pagmin_tarj>
                    <feccie_tarj> </feccie_tarj>
                    <pagtotp_tarj>3768,25</pagtotp_tarj>
                    <pagtotd_tarj>0,00</pagtotd_tarj>
                    <tarj_hab>0</tarj_hab>
                    <resultado_tarj>OK</resultado_tarj>
                </row>
            </rowset>
        </tarjeta>
        <fondo>
            <rowset>
                <count>1</count>
                <row>
                    <codiser_fondo>66</codiser_fondo>
                    <nroprod_fondo>00121932801</nroprod_fondo>
                    <razsoc_fondo>AGOSTINO GRACIELA ROSALIA</razsoc_fondo>
                    <saldispp_fondo>318,39</saldispp_fondo>
                    <saldispd_fondo>0,00</saldispd_fondo>
                    <fecha_fondo>20171206</fecha_fondo>
                    <resultado_fondo>OK</resultado_fondo>
                </row>
            </rowset>
        </fondo>
        <titulo>
            <rowset>
                <count>1</count>
                <row>
                    <codiser_titulo>64</codiser_titulo>
                    <nroprod_titulo>0522000544958</nroprod_titulo>
                    <razsoc_titulo> </razsoc_titulo>
                    <resultado_titulo> </resultado_titulo>
                </row>
            </rowset>
        </titulo>
        <tarj_bnlco>
            <rowset>
                <count>2</count>
                <row>
                    <codiser_tarj_bnlco>74</codiser_tarj_bnlco>
                    <nroprod_tarj_bnlco>44517510019417241000</nroprod_tarj_bnlco>
                    <resultado_tarj_bnlco> </resultado_tarj_bnlco>
                </row>
                <row>
                    <codiser_tarj_bnlco>74</codiser_tarj_bnlco>
                    <nroprod_tarj_bnlco>44517510044661045000</nroprod_tarj_bnlco>
                    <resultado_tarj_bnlco> </resultado_tarj_bnlco>
                </row>
            </rowset>
        </tarj_bnlco>
    </data>
</bsvrsp>