<?xml version="1.0" encoding="ISO-8859-1"?>
<bsvrsp>
    <header>
        <nombre>corporate_01</nombre>
        <txid>4047551fa91144ec9b79e21e79bc23fb</txid>
        <fecha>27032018</fecha>
        <hora>110401</hora>
        <resultado>ok</resultado>
    </header>
    <data>
        <tipodoc>04</tipodoc>
        <nrodoc>0000022381443</nrodoc>
        <numcli> </numcli>
        <tarjeta> </tarjeta>
        <pin>0000</pin>
        <numclie>00472840</numclie>
        <nombre>GEBYAL ERVALPU</nombre>
        <priape>CGANCGANYEM</priape>
        <cuit>0020223814434</cuit>
        <oficial>00597</oficial>
        <direc>AV LAFUENTE</direc>
        <indfisju>F</indfisju>
        <nro>00238</nro>
        <piso>1</piso>
        <depto> </depto>
        <localid>CIUDAD AUTONOMA BUENOS AIRES</localid>
        <codpost>1406</codpost>
        <codprov>C</codprov>
        <teltip>01</teltip>
        <telpref>011</telpref>
        <telcar>4612</telcar>
        <telnum>4970</telnum>
        <faxnum>00</faxnum>
        <email>GEBYAL@ARJLEMPYVOLUM.DUN</email>
        <fenacim>1971-10-17</fenacim>
        <pecnaci>080</pecnaci>
        <orgbkb>004</orgbkb>
        <segment>PWE</segment>
        <ofiape>0507</ofiape>
        <empreco>AR JLEM PYVOLUM</empreco>
        <tipoact>0311</tipoact>
        <profesi>051</profesi>
        <tipoiva>01</tipoiva>
        <estado>01</estado>
        <condic>01</condic>
        <fealtcl>1995-03-14</fealtcl>
        <fulmodo>2018-02-26</fulmodo>
        <fulacpi>2018-03-27</fulacpi>
        <fulmopi>2018-02-28</fulmopi>
        <estadpi>2</estadpi>
        <cantacc>001</cantacc>
        <modo>T</modo>
        <verdocu>00</verdocu>
        <sexo>M</sexo>
        <calibcra> </calibcra>
        <tipodocpri>04</tipodocpri>
        <nrodocpri>0000022381443</nrodocpri>
        <cantprod>14</cantprod>
        <general>
            <rowset>
                <count>14</count>
                <row>
                    <descrip>CA $</descrip>
                    <nroprod>00150507000100336427</nroprod>
                    <nronoalt>00000050701208069703</nronoalt>
                    <subprod>0052</subprod>
                    <saldo_dispue>+00016539147</saldo_dispue>
                    <limite>+00000000000</limite>
                    <saldo_dispon>+00016429492</saldo_dispon>
                    <org_prod>004</org_prod>
                    <seg_prod>PWE</seg_prod>
                    <divisa>ARP</divisa>
                    <estprod> </estprod>
                </row>
                <row>
                    <descrip>CC $</descrip>
                    <nroprod>00150507000200268953</nroprod>
                    <nronoalt>00000050701289790700</nronoalt>
                    <subprod>0052</subprod>
                    <saldo_dispue>+00095553820</saldo_dispue>
                    <limite>+00001000000</limite>
                    <saldo_dispon>+00096553820</saldo_dispon>
                    <org_prod>004</org_prod>
                    <seg_prod>PWE</seg_prod>
                    <divisa>ARP</divisa>
                    <estprod> </estprod>
                </row>
                <row>
                    <descrip>CA U$S</descrip>
                    <nroprod>00150507001110620216</nroprod>
                    <nronoalt>00021450740717790000</nronoalt>
                    <subprod>0052</subprod>
                    <saldo_dispue>+00000000001</saldo_dispue>
                    <limite>+00000000000</limite>
                    <saldo_dispon>+00000000001</saldo_dispon>
                    <org_prod>004</org_prod>
                    <seg_prod>PWE</seg_prod>
                    <divisa>USB</divisa>
                    <estprod> </estprod>
                </row>
                <row>
                    <descrip>PAQ</descrip>
                    <nroprod>00150507002203574371</nroprod>
                    <nronoalt>00000015050700008832</nronoalt>
                    <subprod> </subprod>
                    <saldo_dispue>+00000000000</saldo_dispue>
                    <limite>+00000000000</limite>
                    <saldo_dispon>+00000000000</saldo_dispon>
                    <org_prod>004</org_prod>
                    <seg_prod>PWE</seg_prod>
                    <divisa> </divisa>
                    <estprod> </estprod>
                </row>
                <row>
                    <descrip>CTAMAS</descrip>
                    <nroprod>00150507003410477482</nroprod>
                    <nronoalt>00000000000000539606</nronoalt>
                    <subprod> </subprod>
                    <saldo_dispue>+00000000000</saldo_dispue>
                    <limite>+00000000000</limite>
                    <saldo_dispon>+00000000000</saldo_dispon>
                    <org_prod>004</org_prod>
                    <seg_prod>PWE</seg_prod>
                    <divisa> </divisa>
                    <estprod> </estprod>
                </row>
                <row>
                    <descrip>CTAVIS</descrip>
                    <nroprod>00150507003510583977</nroprod>
                    <nronoalt>00000000000374488048</nronoalt>
                    <subprod> </subprod>
                    <saldo_dispue>+00000000000</saldo_dispue>
                    <limite>+00000000000</limite>
                    <saldo_dispon>+00000000000</saldo_dispon>
                    <org_prod>004</org_prod>
                    <seg_prod>PWE</seg_prod>
                    <divisa> </divisa>
                    <estprod> </estprod>
                </row>
                <row>
                    <descrip>VISA</descrip>
                    <nroprod>00150507003711438101</nroprod>
                    <nronoalt>00004824690000053342</nronoalt>
                    <subprod> </subprod>
                    <saldo_dispue>+00000000000</saldo_dispue>
                    <limite>+00000000000</limite>
                    <saldo_dispon>+00000000000</saldo_dispon>
                    <org_prod> </org_prod>
                    <seg_prod> </seg_prod>
                    <divisa> </divisa>
                    <estprod>00</estprod>
                </row>
                <row>
                    <descrip>PP</descrip>
                    <nroprod>00150507004010495672</nroprod>
                    <nronoalt>01569364040000000000</nronoalt>
                    <subprod> </subprod>
                    <saldo_dispue>+00000000000</saldo_dispue>
                    <limite>+00000000000</limite>
                    <saldo_dispon>+00000000000</saldo_dispon>
                    <org_prod> </org_prod>
                    <seg_prod> </seg_prod>
                    <divisa> </divisa>
                    <estprod> </estprod>
                </row>
                <row>
                    <descrip>MASTIT</descrip>
                    <nroprod>00150507006110920446</nroprod>
                    <nronoalt>00005321986390616838</nronoalt>
                    <subprod> </subprod>
                    <saldo_dispue>+00000000000</saldo_dispue>
                    <limite>+00000000000</limite>
                    <saldo_dispon>+00000000000</saldo_dispon>
                    <org_prod> </org_prod>
                    <seg_prod> </seg_prod>
                    <divisa> </divisa>
                    <estprod> </estprod>
                </row>
                <row>
                    <descrip>TITULO</descrip>
                    <nroprod>00150501006410179615</nroprod>
                    <nronoalt>05220005449550000000</nronoalt>
                    <subprod> </subprod>
                    <saldo_dispue>+00000000000</saldo_dispue>
                    <limite>+00000000000</limite>
                    <saldo_dispon>+00000000000</saldo_dispon>
                    <org_prod> </org_prod>
                    <seg_prod> </seg_prod>
                    <divisa> </divisa>
                    <estprod> </estprod>
                </row>
                <row>
                    <descrip>TITULO</descrip>
                    <nroprod>00150507006410179616</nroprod>
                    <nronoalt>05220005449560000000</nronoalt>
                    <subprod> </subprod>
                    <saldo_dispue>+00000000000</saldo_dispue>
                    <limite>+00000000000</limite>
                    <saldo_dispon>+00000000000</saldo_dispon>
                    <org_prod> </org_prod>
                    <seg_prod> </seg_prod>
                    <divisa> </divisa>
                    <estprod> </estprod>
                </row>
                <row>
                    <descrip>BANE</descrip>
                    <nroprod>00150507007412683929</nroprod>
                    <nronoalt>45175100257133930001</nronoalt>
                    <subprod> </subprod>
                    <saldo_dispue>+00000000000</saldo_dispue>
                    <limite>+00000000000</limite>
                    <saldo_dispon>+00000000000</saldo_dispon>
                    <org_prod> </org_prod>
                    <seg_prod> </seg_prod>
                    <divisa> </divisa>
                    <estprod> </estprod>
                </row>
                <row>
                    <descrip>BANE</descrip>
                    <nroprod>00150507007414263626</nroprod>
                    <nronoalt>45175100386770150001</nronoalt>
                    <subprod> </subprod>
                    <saldo_dispue>+00000000000</saldo_dispue>
                    <limite>+00000000000</limite>
                    <saldo_dispon>+00000000000</saldo_dispon>
                    <org_prod> </org_prod>
                    <seg_prod> </seg_prod>
                    <divisa> </divisa>
                    <estprod> </estprod>
                </row>
                <row>
                    <descrip>SEGURO</descrip>
                    <nroprod>00150046008712129974</nroprod>
                    <nronoalt>01000000000002220278</nronoalt>
                    <subprod> </subprod>
                    <saldo_dispue>+00000000000</saldo_dispue>
                    <limite>+00000000000</limite>
                    <saldo_dispon>+00000000000</saldo_dispon>
                    <org_prod> </org_prod>
                    <seg_prod> </seg_prod>
                    <divisa> </divisa>
                    <estprod> </estprod>
                </row>
            </rowset>
        </general>
    </data>
</bsvrsp>