<?xml version="1.0" encoding="ISO-8859-1"?>
<bsvrsp>
    <header>
        <nombre>corporate_01</nombre>
        <fecha>27032018</fecha>
        <hora>111731</hora>
        <resultado>ok</resultado>
    </header>
    <data>
        <opcion>P</opcion>
        <numclie>00016229</numclie>
        <version>01/01/00</version>
        <nrovers> </nrovers>
        <indfisj>F</indfisj>
        <mcasuob>N</mcasuob>
        <ddjjsuo>S</ddjjsuo>
        <feisuob>27032018</feisuob>
        <fepsuob>15032018</fepsuob>
        <mcacuif>N</mcacuif>
        <actiuif> </actiuif>
        <mcapep>S</mcapep>
        <feipep>27032018</feipep>
        <feppep>15032018</feppep>
        <mcaepep>N</mcaepep>
        <causal> </causal>
        <justif> </justif>
        <mcaacci>N</mcaacci>
        <feciacc>27032018</feciacc>
        <fecpacc> </fecpacc>
    </data>
</bsvrsp>