<?xml version="1.0" encoding="ISO-8859-1"?>
<bsvrsp>
    <header>
        <nombre>corporate_01</nombre>
        <fecha>21112017</fecha>
        <hora>163921</hora>
        <resultado>ok</resultado>
    </header>
    <data>
        <cliente>
            <rowset>
                <count>1</count>
                <row>
                    <numclien>02943699</numclien>
                    <codident>04</codident>
                    <claident>0000022672467</claident>
                    <cuit>0020226724673</cuit>
                    <secuident>00</secuident>
                    <version>1</version>
                    <sexo_sal>M</sexo_sal>
                    <priape>RYDFALY</priape>
                    <nombre>TEVRU ERAGEMCLU</nombre>
                    <orgbkb>006</orgbkb>
                    <segmento>RAE</segmento>
                    <oficial>00027</oficial>
                    <tipifjur>F</tipifjur>
                    <fenacimi>1972-05-26</fenacimi>
                    <telefono>011  4623 4321</telefono>
                    <mail>PABLO.LICHERI@ICBC.COM.AR</mail>
                    <resultado_clien> </resultado_clien>
                </row>
            </rowset>
        </cliente>
        <cuenta>
            <rowset>
                <count>2</count>
                <row>
                    <codiser_cta>01</codiser_cta>
                    <nroprod_cta>001505010126833740</nroprod_cta>
                    <razsoc_cta>TEVRU ERAGEMCLU RYDFALY</razsoc_cta>
                    <estado_cta>A</estado_cta>
                    <subprod_cta>0304</subprod_cta>
                    <desrcsub_cta>CA$ BD 304</desrcsub_cta>
                    <desacsub_cta>CUENTA SUELDO</desacsub_cta>
                    <saldo_cta>1450838,11</saldo_cta>
                    <acuerdo_cta>0,00</acuerdo_cta>
                    <resultado_cta>OK</resultado_cta>
                </row>
                <row>
                    <codiser_cta>11</codiser_cta>
                    <nroprod_cta>001505011113023283</nroprod_cta>
                    <razsoc_cta>TEVRU ERAGEMCLU RYDFALY</razsoc_cta>
                    <estado_cta>A</estado_cta>
                    <subprod_cta>0002</subprod_cta>
                    <desrcsub_cta>CA USB M</desrcsub_cta>
                    <desacsub_cta>C. AHORRO U$S MENSUAL</desacsub_cta>
                    <saldo_cta>950,67</saldo_cta>
                    <acuerdo_cta>0,00</acuerdo_cta>
                    <resultado_cta>OK</resultado_cta>
                </row>
            </rowset>
        </cuenta>
        <tarjeta>
            <rowset>
                <count>2</count>
                <row>
                    <codiser_tarj>37</codiser_tarj>
                    <nroprod_tarj>00004423120000024353</nroprod_tarj>
                    <razsoc_tarj>LICHERI/PABLO ALEJA</razsoc_tarj>
                    <estadot_tarj>20</estadot_tarj>
                    <estadoc_tarj>10</estadoc_tarj>
                    <gruaff_tarj>0062</gruaff_tarj>
                    <desgruaf_tarj>RRHH EXCLUS ICBC CLUB</desgruaf_tarj>
                    <titul_tarj>0</titul_tarj>
                    <nomemp_tarj>LICHERI PABLO ALEJA</nomemp_tarj>
                    <nrocta_tarj>0359788826</nrocta_tarj>
                    <fecvto_tarj>20170314</fecvto_tarj>
                    <saldisp_tarj>115200,00</saldisp_tarj>
                    <pagmin_tarj>3087,00</pagmin_tarj>
                    <feccie_tarj>20170302</feccie_tarj>
                    <pagtotp_tarj>6665,95</pagtotp_tarj>
                    <pagtotd_tarj>0,00</pagtotd_tarj>
                    <tarj_hab>0</tarj_hab>
                    <resultado_tarj>OK</resultado_tarj>
                </row>
                <row>
                    <codiser_tarj>38</codiser_tarj>
                    <nroprod_tarj>00004864220004087798</nroprod_tarj>
                    <razsoc_tarj>LICHERI/PABLO A</razsoc_tarj>
                    <estadot_tarj>20</estadot_tarj>
                    <estadoc_tarj>10</estadoc_tarj>
                    <gruaff_tarj>0000</gruaff_tarj>
                    <desgruaf_tarj> </desgruaf_tarj>
                    <titul_tarj>E</titul_tarj>
                    <nomemp_tarj>IND. AND COMMERCIAL BANK OF CHINA</nomemp_tarj>
                    <nrocta_tarj>0228359867</nrocta_tarj>
                    <fecvto_tarj>20170316</fecvto_tarj>
                    <saldisp_tarj>0,00</saldisp_tarj>
                    <pagmin_tarj>4251085,00</pagmin_tarj>
                    <feccie_tarj>20170302</feccie_tarj>
                    <pagtotp_tarj>3614159,44</pagtotp_tarj>
                    <pagtotd_tarj>40311,79</pagtotd_tarj>
                    <tarj_hab>0</tarj_hab>
                    <resultado_tarj>OK</resultado_tarj>
                </row>
            </rowset>
        </tarjeta>
        <fondo>
            <rowset>
                <count>1</count>
                <row>
                    <codiser_fondo>66</codiser_fondo>
                    <nroprod_fondo>00120232009</nroprod_fondo>
                    <razsoc_fondo>LICHERI PABLO ALEJANDRO</razsoc_fondo>
                    <saldispp_fondo>0,00</saldispp_fondo>
                    <saldispd_fondo>0,00</saldispd_fondo>
                    <fecha_fondo>00010101</fecha_fondo>
                    <resultado_fondo>OK</resultado_fondo>
                </row>
            </rowset>
        </fondo>
        <tarj_bnlco>
            <rowset>
                <count>1</count>
                <row>
                    <codiser_tarj_bnlco>74</codiser_tarj_bnlco>
                    <nroprod_tarj_bnlco>44517510044238323000</nroprod_tarj_bnlco>
                    <resultado_tarj_bnlco> </resultado_tarj_bnlco>
                </row>
            </rowset>
        </tarj_bnlco>
    </data>
</bsvrsp>