<?xml version="1.0" encoding="UTF-8"?>
<bsvrsp>
 <header>
    <resultado>ok</resultado>
 </header>
 <data>
    <descripcion />
    <disponible>0</disponible>
    <limite>0</limite>
    <cod_moned>1</cod_moned>
    <desc_moned>$</desc_moned>
    <nro_cta>05010132085688</nro_cta>
    <nro_cbu>0150545001000000804580</nro_cbu>
    <saldo>0</saldo>
    <cod_cta>1</cod_cta>
    <desc_cta>CA</desc_cta>
    <fiid_banco>GLCA</fiid_banco>
    <fiid_origen_link />
    <nombre_bco>ICBC</nombre_bco>
    <nombre_titular>Usuario ICBC</nombre_titular>
    <rowset>
       <count>1</count>
       <row>
          <cuits>20101340008</cuits>
       </row>
    </rowset>
 </data>
</bsvrsp>