<?xml version="1.0" encoding="ISO-8859-1"?>
<bsvrsp>
    <header>
        <nombre>corporate_02</nombre>
        <txid>ae79ad43aef54c70976ab3c4e403a9a7</txid>
        <fecha>03092018</fecha>
        <hora>125551</hora>
        <resultado>ok</resultado>
    </header>
    <data>
        <numclie>00801294</numclie>
        <product>TR</product>
        <declar> </declar>
        <retorno> </retorno>
        <general>
            <rowset>
                <count>10</count>
                <row>
                    <fec_liquida>11/05/18</fec_liquida>
                    <destinatario>ADMINISTRADORA SANTA MARIA SRL</destinatario>
                    <cod_concepto>S06</cod_concepto>
                    <desc_cpto>VIAJES Y OTROS PAGOS CON TARJE</desc_cpto>
                    <cod_moneda>02</cod_moneda>
                    <imp_total>00000000000250000</imp_total>
                    <desc_estado>COMPLETO</desc_estado>
                    <operacion>579078L01</operacion>
                    <gastos_acargo>S</gastos_acargo>
                    <domicilio>AV GORLERO 644 PUNTE DEL ESTE   URUGUAY, REPUBLICA ORIENTAL DEL</domicilio>
                    <cta_benef>1233406</cta_benef>
                    <banco_recib>BANCO ITAU</banco_recib>
                    <banco_interm>WELLS FARGO BANK, N.A.</banco_interm>
                    <referencia> </referencia>
                    <cta_gastos>00150525020026</cta_gastos>
                    <cta_debito>00150525111063</cta_debito>
                    <canal>F</canal>
                </row>
                <row>
                    <fec_liquida>07/05/18</fec_liquida>
                    <destinatario>GRUPO ESTE SRL</destinatario>
                    <cod_concepto>S07</cod_concepto>
                    <desc_cpto>SERVICIOS DE CONSTRUCCION</desc_cpto>
                    <cod_moneda>02</cod_moneda>
                    <imp_total>00000000005000000</imp_total>
                    <desc_estado>COMPLETO</desc_estado>
                    <operacion>576033L01</operacion>
                    <gastos_acargo>S</gastos_acargo>
                    <domicilio>CALLE 24 SN PUNTA DEL ESTE   URUGUAY, REPUBLICA ORIENTAL DEL</domicilio>
                    <cta_benef>992641186</cta_benef>
                    <banco_recib>BANCO BILBAO VIZCAYA ARGENTARIA URU</banco_recib>
                    <banco_interm>WELLS FARGO BANK, N.A.</banco_interm>
                    <referencia> </referencia>
                    <cta_gastos>00150525020026</cta_gastos>
                    <cta_debito>00150525111063</cta_debito>
                    <canal>F</canal>
                </row>
                <row>
                    <fec_liquida>07/05/18</fec_liquida>
                    <destinatario>CESIONES BANCO ITAU</destinatario>
                    <cod_concepto>A02</cod_concepto>
                    <desc_cpto>INV.RESIDENTE EN INMUEBLES EXT</desc_cpto>
                    <cod_moneda>02</cod_moneda>
                    <imp_total>00000000010154000</imp_total>
                    <desc_estado>COMPLETO</desc_estado>
                    <operacion>576032L01</operacion>
                    <gastos_acargo>S</gastos_acargo>
                    <domicilio>ZAVALA 1463 MONTEVIDEO   URUGUAY, REPUBLICA ORIENTAL DEL</domicilio>
                    <cta_benef>09810170 REFERENCIA 2269</cta_benef>
                    <banco_recib>BANCO ITAU</banco_recib>
                    <banco_interm>JPMORGAN CHASE BANK, N.A.</banco_interm>
                    <referencia> </referencia>
                    <cta_gastos>00150525020026</cta_gastos>
                    <cta_debito>00150525111063</cta_debito>
                    <canal>F</canal>
                </row>
                <row>
                    <fec_liquida>26/04/18</fec_liquida>
                    <destinatario>ADMINISTRADORA SANTA MARIA</destinatario>
                    <cod_concepto>S06</cod_concepto>
                    <desc_cpto>VIAJES Y OTROS PAGOS CON TARJE</desc_cpto>
                    <cod_moneda>02</cod_moneda>
                    <imp_total>00000000000530000</imp_total>
                    <desc_estado>COMPLETO</desc_estado>
                    <operacion>571971L01</operacion>
                    <gastos_acargo>S</gastos_acargo>
                    <domicilio>AV GORLERO 644 PUNTA DEL ESTE   URUGUAY, REPUBLICA ORIENTAL DEL</domicilio>
                    <cta_benef>1233406</cta_benef>
                    <banco_recib>BANCO ITAU</banco_recib>
                    <banco_interm>WELLS FARGO BANK, N.A.</banco_interm>
                    <referencia> </referencia>
                    <cta_gastos>00150525020026</cta_gastos>
                    <cta_debito>00150525111063</cta_debito>
                    <canal>F</canal>
                </row>
                <row>
                    <fec_liquida>08/01/18</fec_liquida>
                    <destinatario>CESIONES BANCO ITAU</destinatario>
                    <cod_concepto>A02</cod_concepto>
                    <desc_cpto>INV.RESIDENTE EN INMUEBLES EXT</desc_cpto>
                    <cod_moneda>02</cod_moneda>
                    <imp_total>00000000010407700</imp_total>
                    <desc_estado>COMPLETO</desc_estado>
                    <operacion>525922L01</operacion>
                    <gastos_acargo>S</gastos_acargo>
                    <domicilio>ZABALA 1463 MONTEVIDEO   URUGUAY, REPUBLICA ORIENTAL DEL</domicilio>
                    <cta_benef>09810170 REFERENCIA 2269</cta_benef>
                    <banco_recib>BANCO ITAU</banco_recib>
                    <banco_interm>JPMORGAN CHASE BANK, N.A.</banco_interm>
                    <referencia> </referencia>
                    <cta_gastos>00150525020026</cta_gastos>
                    <cta_debito>00150525111063</cta_debito>
                    <canal>F</canal>
                </row>
                <row>
                    <fec_liquida>21/12/17</fec_liquida>
                    <destinatario>VANZINI DIEGO</destinatario>
                    <cod_concepto>A02</cod_concepto>
                    <desc_cpto>INV.RESIDENTE EN INMUEBLES EXT</desc_cpto>
                    <cod_moneda>02</cod_moneda>
                    <imp_total>00000000004000000</imp_total>
                    <desc_estado>COMPLETO</desc_estado>
                    <operacion>523269L01</operacion>
                    <gastos_acargo>S</gastos_acargo>
                    <domicilio>MONTEVIDEO   URUGUAY, REPUBLICA ORIENTAL DEL         DEL</domicilio>
                    <cta_benef>6849800</cta_benef>
                    <banco_recib>BANCO ITAU</banco_recib>
                    <banco_interm>BANK OF AMERICA, N.A.</banco_interm>
                    <referencia> </referencia>
                    <cta_gastos>00150525020026</cta_gastos>
                    <cta_debito>00150525111063</cta_debito>
                    <canal>F</canal>
                </row>
                <row>
                    <fec_liquida>01/09/17</fec_liquida>
                    <destinatario>CESIONES BANCO ITAU</destinatario>
                    <cod_concepto>A02</cod_concepto>
                    <desc_cpto>INV.RESIDENTE EN INMUEBLES EXT</desc_cpto>
                    <cod_moneda>02</cod_moneda>
                    <imp_total>00000000037276600</imp_total>
                    <desc_estado>COMPLETO</desc_estado>
                    <operacion>478327L01</operacion>
                    <gastos_acargo>S</gastos_acargo>
                    <domicilio>ZABALA 1463 MONTEVIDEO   URUGUAY, REPUBLICA ORIENTAL DEL</domicilio>
                    <cta_benef>09810170 REFERENCIA 2269</cta_benef>
                    <banco_recib>BANCO ITAU</banco_recib>
                    <banco_interm>JPMORGAN CHASE BANK, N.A.</banco_interm>
                    <referencia> </referencia>
                    <cta_gastos>00150525020026</cta_gastos>
                    <cta_debito>00150525111063</cta_debito>
                    <canal>F</canal>
                </row>
                <row>
                    <fec_liquida>17/04/17</fec_liquida>
                    <destinatario>OSCAR GARCIA CONSULTING SERVICES</destinatario>
                    <cod_concepto>S24</cod_concepto>
                    <desc_cpto>OTROS SERV.PERSONALES,CULTURAL</desc_cpto>
                    <cod_moneda>02</cod_moneda>
                    <imp_total>00000000000102000</imp_total>
                    <desc_estado>COMPLETO</desc_estado>
                    <operacion>421437L01</operacion>
                    <gastos_acargo>O</gastos_acargo>
                    <domicilio>5131 NORTHERN BLV WOODSIDE NY 11377   ESTADOS UNIDOS DE AMERICA</domicilio>
                    <cta_benef>4978176296</cta_benef>
                    <banco_recib>CITIBANK N.A.</banco_recib>
                    <banco_interm>CITIBANK N.A.</banco_interm>
                    <referencia> </referencia>
                    <cta_gastos>00150525020026</cta_gastos>
                    <cta_debito>00150525020026</cta_debito>
                    <canal>S</canal>
                </row>
                <row>
                    <fec_liquida>17/02/17</fec_liquida>
                    <destinatario>NATALIA ZUASNABAR</destinatario>
                    <cod_concepto>A02</cod_concepto>
                    <desc_cpto>INV.RESIDENTE EN INMUEBLES EXT</desc_cpto>
                    <cod_moneda>02</cod_moneda>
                    <imp_total>00000000010000000</imp_total>
                    <desc_estado>COMPLETO</desc_estado>
                    <operacion>401504L01</operacion>
                    <gastos_acargo>S</gastos_acargo>
                    <domicilio>18 DE JULIO 855 SAN CARLOS MALDONADO URUGUAY   URUGUAY, REPUBLICA ORIENTAL DEL</domicilio>
                    <cta_benef>045 0165400</cta_benef>
                    <banco_recib>BANCO DE LA REPUBLICA ORIENTAL DEL</banco_recib>
                    <banco_interm>BANCO DE LA REPUBLICA ORIENTAL DEL</banco_interm>
                    <referencia> </referencia>
                    <cta_gastos>00150525020026</cta_gastos>
                    <cta_debito>00150525111063</cta_debito>
                    <canal>F</canal>
                </row>
                <row>
                    <fec_liquida>01/01/01</fec_liquida>
                    <destinatario>ADMINISTRADORA SANTA MARIA</destinatario>
                    <cod_concepto>S01</cod_concepto>
                    <desc_cpto>MANTENIMIENTO Y REPARACIONES</desc_cpto>
                    <cod_moneda>02</cod_moneda>
                    <imp_total>00000000000530000</imp_total>
                    <desc_estado>ANULADA</desc_estado>
                    <operacion>569777L01</operacion>
                    <gastos_acargo>S</gastos_acargo>
                    <domicilio>AV GORLERO 644 PUNTA DEL ESTE   URUGUAY, REPUBLICA ORIENTAL DEL         AL DEL</domicilio>
                    <cta_benef>1233406</cta_benef>
                    <banco_recib>BANCO ITAU</banco_recib>
                    <banco_interm>BANCO ITAU</banco_interm>
                    <referencia> </referencia>
                    <cta_gastos> </cta_gastos>
                    <cta_debito> </cta_debito>
                    <canal>F</canal>
                </row>
            </rowset>
        </general>
    </data>
</bsvrsp>