<?xml version="1.0" encoding="ISO-8859-1"?>
<bsvrsp>
    <header>
        <nombre>corporate_01</nombre>
        <fecha>11092018</fecha>
        <hora>125549</hora>
        <resultado>ok</resultado>
    </header>
    <data>
        <cliente>
            <rowset>
                <count>1</count>
                <row>
                    <numclien>03248647</numclien>
                    <codident>06</codident>
                    <claident>0033708161379</claident>
                    <cuit>0033708161379</cuit>
                    <secuident>00</secuident>
                    <version>1</version>
                    <sexo_sal> </sexo_sal>
                    <priape>ABERDEEN INTERNATIONAL SA</priape>
                    <nombre> </nombre>
                    <orgbkb>105</orgbkb>
                    <segmento>F02</segmento>
                    <oficial>00436</oficial>
                    <tipifjur>J</tipifjur>
                    <fenacimi>2002-09-02</fenacimi>
                    <telefono>011  4793 1213</telefono>
                    <mail>DUNAW@EVALCAAMHUUCZ.DUN</mail>
                    <resultado_clien> </resultado_clien>
                </row>
            </rowset>
        </cliente>
        <cuenta>
            <rowset>
                <count>1</count>
                <row>
                    <codiser_cta>02</codiser_cta>
                    <nroprod_cta>001509620200022913</nroprod_cta>
                    <razsoc_cta>EVALCAAM YMPALMEPYUMER ZE</razsoc_cta>
                    <estado_cta>A</estado_cta>
                    <subprod_cta>0001</subprod_cta>
                    <desrcsub_cta>CC$</desrcsub_cta>
                    <desacsub_cta>CUENTA CORRIENTE EN PESOS</desacsub_cta>
                    <saldo_cta>158797,19</saldo_cta>
                    <acuerdo_cta>400000,00</acuerdo_cta>
                    <resultado_cta>OK</resultado_cta>
                </row>
            </rowset>
        </cuenta>
    </data>
</bsvrsp>