<?xml version="1.0" encoding="ISO-8859-1"?>
<bsvrsp>
	<data>
		<cantacc>000</cantacc>
		<cantprod>04</cantprod>
		<codpost>1006</codpost>
		<codprov>C</codprov>
		<condic>01</condic>
		<cuit>0023110682239</cuit>
		<depto>B</depto>
		<direc>MAIPU</direc>
		<email>ERVALPUBESKOAS@ZOMZAPDELJU.DUN.EL</email>
		<empreco>CAZTEDFEMPA CA ECOEME</empreco>
		<estado>01</estado>
		<estadpi>1</estadpi>
		<faxnum>00</faxnum>
		<fealtcl>1998-04-01</fealtcl>
		<fenacim>1953-08-17</fenacim>
		<fulacpi>2018-06-15</fulacpi>
		<fulmodo>2016-08-31</fulmodo>
		<fulmopi>2003-04-30</fulmopi>
		<indfisju>F</indfisju>
		<localid>CAPITAL FEDERAL</localid>
		<modo>T</modo>
		<nombre>ERVALPU AMLYKOA</nombre>
		<nro>00350</nro>
		<nrodoc>0000011068223</nrodoc>
		<nrodocpri>0000011068223</nrodocpri>
		<numclie>01550549</numclie>
		<ofiape>0501</ofiape>
		<oficial>00511</oficial>
		<orgbkb>004</orgbkb>
		<pecnaci>080</pecnaci>
		<pin>0000</pin>
		<piso>10</piso>
		<priape>BESKOAS</priape>
		<profesi>078</profesi>
		<segment>PWR</segment>
		<sexo>M</sexo>
		<telcar>5199</telcar>
		<telnum>0898</telnum>
		<telpref>011</telpref>
		<teltip>01</teltip>
		<tipoact>5230</tipoact>
		<tipodoc>04</tipodoc>
		<tipodocpri>04</tipodocpri>
		<tipoiva>01</tipoiva>
		<verdocu>00</verdocu>
	</data>
	<header>
		<fecha>15062018</fecha>
		<hora>163143</hora>
		<nombre>corporate_02</nombre>
		<resultado>ok</resultado>
	</header>
</bsvrsp>