<?xml version="1.0" encoding="ISO-8859-1"?>
<bsvrsp>
    <header>
        <nombre>corporate_02</nombre>
        <fecha>11092018</fecha>
        <hora>130048</hora>
        <resultado>ok</resultado>
    </header>
    <data>
        <tipodoc>04</tipodoc>
        <nrodoc>0000000000000</nrodoc>
        <numcli>03248647</numcli>
        <tarjeta> </tarjeta>
        <pin>0000</pin>
        <numclie>03248647</numclie>
        <nombre> </nombre>
        <priape>ABERDEEN INTERNATION</priape>
        <cuit>0033708161379</cuit>
        <oficial>00436</oficial>
        <direc>AV DEL LIBERTADOR</direc>
        <indfisju>J</indfisju>
        <nro>13925</nro>
        <piso> </piso>
        <depto>17</depto>
        <localid>MARTINEZ</localid>
        <codpost>1640</codpost>
        <codprov>B</codprov>
        <teltip>02</teltip>
        <telpref>011</telpref>
        <telcar>4793</telcar>
        <telnum>1213</telnum>
        <faxnum>00</faxnum>
        <email>DUNAW@EVALCAAMHUUCZ.DUN</email>
        <fenacim>2002-09-02</fenacim>
        <pecnaci>080</pecnaci>
        <orgbkb>105</orgbkb>
        <segment>F02</segment>
        <ofiape>0962</ofiape>
        <empreco>TEORYQ DELRUZ GEBYAL</empreco>
        <tipoact>4631</tipoact>
        <profesi>042</profesi>
        <tipoiva>01</tipoiva>
        <estado>01</estado>
        <condic>01</condic>
        <fealtcl>2010-02-19</fealtcl>
        <fulmodo>2016-04-18</fulmodo>
        <fulacpi>2018-09-11</fulacpi>
        <fulmopi>2015-08-31</fulmopi>
        <estadpi>1</estadpi>
        <cantacc>000</cantacc>
        <modo>T</modo>
        <verdocu>00</verdocu>
        <sexo> </sexo>
        <calibcra> </calibcra>
        <tipodocpri>06</tipodocpri>
        <nrodocpri>0033708161379</nrodocpri>
        <cantprod>14</cantprod>
        <general>
            <rowset>
                <count>9</count>
                <row>
                    <descrip>CC $</descrip>
                    <nroprod>00150962000200022913</nroprod>
                    <nronoalt>00000096243001370000</nronoalt>
                    <subprod>0001</subprod>
                    <saldo_dispue>-00024120281</saldo_dispue>
                    <limite>+00040000000</limite>
                    <saldo_dispon>+00015879719</saldo_dispon>
                    <org_prod>105</org_prod>
                    <seg_prod>F02</seg_prod>
                    <divisa>ARP</divisa>
                    <estprod> </estprod>
                </row>
                <row>
                    <descrip>CTAVIS</descrip>
                    <nroprod>00150962003510827640</nroprod>
                    <nronoalt>00000000000456873739</nronoalt>
                    <subprod> </subprod>
                    <saldo_dispue>+00000000000</saldo_dispue>
                    <limite>+00000000000</limite>
                    <saldo_dispon>+00000000000</saldo_dispon>
                    <org_prod>105</org_prod>
                    <seg_prod>F02</seg_prod>
                    <divisa> </divisa>
                    <estprod> </estprod>
                </row>
                <row>
                    <descrip>DN</descrip>
                    <nroprod>00150962007510006629</nroprod>
                    <nronoalt>21000096243001370000</nronoalt>
                    <subprod> </subprod>
                    <saldo_dispue>+00000000000</saldo_dispue>
                    <limite>+00000000000</limite>
                    <saldo_dispon>+00000000000</saldo_dispon>
                    <org_prod>105</org_prod>
                    <seg_prod>F02</seg_prod>
                    <divisa> </divisa>
                    <estprod> </estprod>
                </row>
                <row>
                    <descrip>ED</descrip>
                    <nroprod>00000501007610190222</nroprod>
                    <nronoalt>00000000000003248647</nronoalt>
                    <subprod> </subprod>
                    <saldo_dispue>+00000000000</saldo_dispue>
                    <limite>+00000000000</limite>
                    <saldo_dispon>+00000000000</saldo_dispon>
                    <org_prod>105</org_prod>
                    <seg_prod>F02</seg_prod>
                    <divisa> </divisa>
                    <estprod> </estprod>
                </row>
                <row>
                    <descrip>PRES W</descrip>
                    <nroprod>00150023008310062709</nroprod>
                    <nronoalt>04138488010000000000</nronoalt>
                    <subprod> </subprod>
                    <saldo_dispue>+00000000000</saldo_dispue>
                    <limite>+00000000000</limite>
                    <saldo_dispon>+00000000000</saldo_dispon>
                    <org_prod>105</org_prod>
                    <seg_prod>F02</seg_prod>
                    <divisa> </divisa>
                    <estprod> </estprod>
                </row>
                <row>
                    <descrip>OPEX</descrip>
                    <nroprod>00150501008410017767</nroprod>
                    <nronoalt>00000000000003248647</nronoalt>
                    <subprod> </subprod>
                    <saldo_dispue>+00000000000</saldo_dispue>
                    <limite>+00000000000</limite>
                    <saldo_dispon>+00000000000</saldo_dispon>
                    <org_prod>105</org_prod>
                    <seg_prod>F02</seg_prod>
                    <divisa> </divisa>
                    <estprod> </estprod>
                </row>
                <row>
                    <descrip>GARANT</descrip>
                    <nroprod>00150501008810357890</nroprod>
                    <nronoalt>00000000000000358504</nronoalt>
                    <subprod> </subprod>
                    <saldo_dispue>+00000000000</saldo_dispue>
                    <limite>+00000000000</limite>
                    <saldo_dispon>+00000000000</saldo_dispon>
                    <org_prod>105</org_prod>
                    <seg_prod>F02</seg_prod>
                    <divisa> </divisa>
                    <estprod> </estprod>
                </row>
                <row>
                    <descrip>GARANT</descrip>
                    <nroprod>00150962008810304292</nroprod>
                    <nronoalt>00000000000000304697</nronoalt>
                    <subprod> </subprod>
                    <saldo_dispue>+00000000000</saldo_dispue>
                    <limite>+00000000000</limite>
                    <saldo_dispon>+00000000000</saldo_dispon>
                    <org_prod>105</org_prod>
                    <seg_prod>F02</seg_prod>
                    <divisa> </divisa>
                    <estprod> </estprod>
                </row>
                <row>
                    <descrip>GARANT</descrip>
                    <nroprod>00150962008810436326</nroprod>
                    <nronoalt>00000000000000437248</nronoalt>
                    <subprod> </subprod>
                    <saldo_dispue>+00000000000</saldo_dispue>
                    <limite>+00000000000</limite>
                    <saldo_dispon>+00000000000</saldo_dispon>
                    <org_prod>105</org_prod>
                    <seg_prod>F02</seg_prod>
                    <divisa> </divisa>
                    <estprod> </estprod>
                </row>
            </rowset>
        </general>
    </data>
</bsvrsp>