<?xml version="1.0" encoding="ISO-8859-1"?>
<bsvrsp>
    <header>
        <resultado>ok</resultado>
        <nombre/>
        <fecha/>
        <hora/>
    </header>
    <data>
        <resp_desc>PRE-AUTORIZACIONES ENCONTRADAS CON EXITO</resp_desc>
        <resp_cod>5400</resp_cod>
        <paginas_totales>9</paginas_totales>
        <general>
            <rowset>
                <count>5</count>
                <row>
                    <id>21693</id>
                    <estado>CREADA</estado>
                    <vendedor_cuit>30500051163</vendedor_cuit>
                    <comprador_cuit>20294602985</comprador_cuit>
                    <comprador_cbu>0150549801000102938048</comprador_cbu>
                    <monto_periodo>1000.0</monto_periodo>
                    <monto_debin>500.0</monto_debin>
                    <moneda>ARP</moneda>
                    <cantidad>2</cantidad>
                    <detalle>Prueba Connection</detalle>
                    <concepto>ALQ</concepto>
                    <periodo>DIA</periodo>
                </row>
                <row>
                    <id>21688</id>
                    <estado>DESUSO</estado>
                    <vendedor_cuit>30678519681</vendedor_cuit>
                    <comprador_cuit>20294602985</comprador_cuit>
                    <comprador_cbu>0150549801000102938048</comprador_cbu>
                    <monto_periodo>260.0</monto_periodo>
                    <monto_debin>30.0</monto_debin>
                    <moneda>ARP</moneda>
                    <cantidad>1</cantidad>
                    <detalle>sss</detalle>
                    <concepto>ALQ</concepto>
                    <periodo>DIA</periodo>
                </row>
                <row>
                    <id>21685</id>
                    <estado>INACTIVA</estado>
                    <vendedor_cuit>30678519681</vendedor_cuit>
                    <comprador_cuit>20294602985</comprador_cuit>
                    <comprador_cbu>0150549801000102938048</comprador_cbu>
                    <monto_periodo>260.0</monto_periodo>
                    <monto_debin>30.0</monto_debin>
                    <moneda>ARP</moneda>
                    <cantidad>1</cantidad>
                    <detalle>sss</detalle>
                    <concepto>ALQ</concepto>
                    <periodo>DIA</periodo>
                </row>
                <row>
                    <id>21684</id>
                    <estado>CREADA</estado>
                    <vendedor_cuit>30500051163</vendedor_cuit>
                    <comprador_cuit>20294602985</comprador_cuit>
                    <comprador_cbu>0150549801000102938048</comprador_cbu>
                    <monto_periodo>100.0</monto_periodo>
                    <monto_debin>50.0</monto_debin>
                    <moneda>ARP</moneda>
                    <cantidad>5</cantidad>
                    <detalle>INIAQUI</detalle>
                    <concepto>ALQ</concepto>
                    <periodo>MES</periodo>
                </row>
                <row>
                    <id>21666</id>
                    <estado>CREADA</estado>
                    <vendedor_cuit>30500051163</vendedor_cuit>
                    <comprador_cuit>20294602985</comprador_cuit>
                    <comprador_cbu>0150549801000102938048</comprador_cbu>
                    <monto_periodo>1000.0</monto_periodo>
                    <monto_debin>500.0</monto_debin>
                    <moneda>ARP</moneda>
                    <cantidad>2</cantidad>
                    <detalle>Prueba Connection</detalle>
                    <concepto>ALQ</concepto>
                    <periodo>MES</periodo>
                </row>
            </rowset>
        </general>
    </data>
</bsvrsp>