<bsvrsp>
<header>
<resultado>ok</resultado>
<request_id>6cb09d8294cf4358941a2fbac99e1094</request_id>
<response_id>(1457357028725)</response_id>
<codigo>0</codigo>
<mensaje>Clave de SegundoFactor validada OK={}=</mensaje>
</header>
<data/>
</bsvrsp>
<!--
<bsvrsp><header>
<resultado>ok</resultado>
<request_id>4923cd0dc48c4bebb92b28df2f8037f1</request_id>
<response_id>(1450185483410)</response_id>
<codigo>0</codigo>
<mensaje>Clave de SegundoFactor validada OK={cant_coor_disp=000, importe=0, nro_serie=20 0, coordenada_display3=, coordenada_display4=, hash=, referencia=, coordenada1=35, coordenada3=!, coordenada2=18, coordenada4=YM, coordenada_display2=B9, coordenada_display1=D6, canal_coord=0}=</mensaje>
</header><data/></bsvrsp>
-->
<!--
<bsvrsp><header>
<resultado>fallo</resultado>
<request_id>4923cd0dc48c4bebb92b28df2f8037f1</request_id>
<response_id>(1450185483410)</response_id>
<error>
	<codigo>53</codigo>
	<mensaje>Datos incorrectos</mensaje>
</error>
</header><data/></bsvrsp>
-->
<!--<bsvrsp><header>har
<resultado>fallo</resultado>
<request_id>4923cd0dc48c4bebb92b28df2f8037f1</request_id>
<response_id>(1450185483410)</response_id>
<error>
	<codigo>15</codigo>
	<mensaje>Limite superado TKV</mensaje>
</error>
</header><data/></bsvrsp>-->
<!--<bsvrsp><header>
<resultado>fallo</resultado>
<request_id>db22809d71fa40fc819d8c7b0977e1d5</request_id>
<response_id>(1468347788537)</response_id>
<error>
<codigo>62</codigo>
<mensaje>Clave de SegundoFactor validada con ERROR(62) descripcion=M&#195;&#161;ximo de intentos fallidos.=</mensaje>
</error>
</header><data/></bsvrsp>-->