<?xml version="1.0" encoding="ISO-8859-1" ?>
<bsvrsp>
    <header>
        <resultado>ok</resultado>
                               <request_id>15dcb9fc-6d4f-446d-af6e-a42fdc5e2860</request_id>
                               <response_id>(1426618984031)</response_id>
                               <aviso>
                                               <codigo>001001</codigo>
                                               <mensaje>Hace falta modificar el usuario</mensaje>
                               </aviso>

    </header>
		<data>
				   <usuario>MBR:usuario01|ACC:usuario02</usuario>
				   <tipo_doc>04</tipo_doc>
				   <num_doc>27667623</num_doc>
					<genero>F</genero>
				   <fec_ult_login>17/03/2015 12:39:17</fec_ult_login>
	</data>
</bsvrsp>
<!--
<bsvrsp>
    <header>
        <resultado>ok</resultado>
                               <request_id>15dcb9fc-6d4f-446d-af6e-a42fdc5e2860</request_id>
                               <response_id>(1426618984031)</response_id>
                               <aviso>
                                               <codigo>001006</codigo>
                                               <mensaje>Hace falta modificar el usuario</mensaje>
                               </aviso>

    </header>
		<data>
				   <usuario>MBR:usuario01|ACC:usuario02</usuario>
				   <tipo_doc>04</tipo_doc>
				   <num_doc>27667623</num_doc>
					<genero>F</genero>
				   <fec_ult_login>17/03/2015 12:39:17</fec_ult_login>
	</data>
</bsvrsp>
-->
<!--
<bsvrsp>
    <header>
        <nombre/>
        <fecha>09/11/2017</fecha>
        <hora>17:26:02</hora>
        <resultado>ok</resultado>
        <request_id>1e35601ebae8484babcf17012d9785a8</request_id>
        <response_id>(1510258941578)</response_id>
        <aviso>
            <codigo>101016</codigo>
            <mensaje>El usuario posee un estado no v&#195;&#161;lido para efectuar la operaci&#195;&#179;n.</mensaje>
        </aviso>
    </header>
    <data>
        <usuario>null</usuario>
        <tipo_doc>null</tipo_doc>
        <num_doc>null</num_doc>
        <genero>null</genero>
        <fec_ult_login>null</fec_ult_login>
        <fecha_expiracion_clave>null</fecha_expiracion_clave>
        <has_biometrics>false</has_biometrics>
        <device_register>false</device_register>
        <has_liveness>false</has_liveness>
    </data>
</bsvrsp>
-->
<!--
<bsvrsp>
    <header>
        <nombre>corporate_01</nombre>
        <fecha>01082013</fecha>
        <hora>122743</hora>
        <resultado>ok</resultado>
		<aviso>
			<codigo>101014</codigo>
		    <mensaje>password provisoria vencida</mensaje>
	   </aviso>
    </header>
    <data>        
    </data>
</bsvrsp>
-->
<!-- "101015" -> no deberia ocurrir, entra por el flujo viejo. Este error ocurre cuando no se enecuentra el doc del usuario en la base de aamr -->
<!--
<bsvrsp>
    <header>
        <resultado>ok</resultado>
        <nombre/>
        <fecha>09/11/2017</fecha>
        <hora>17:10:45</hora>
        <request_id>1e35601ebae8484babcf17012d9785a8</request_id>
        <response_id>(1510258023986)</response_id>
        <error>
            <codigo>001002</codigo>
            <mensaje>El Usuario y/o Clave son incorrectos.</mensaje>
        </error>
    </header>
    <data>
        <usuario>null</usuario>
        <tipo_doc>null</tipo_doc>
        <num_doc>null</num_doc>
        <fec_ult_login>null</fec_ult_login>
    </data>
</bsvrsp>
-->

<!-- "101015" -> no deberia ocurrir, entra por el flujo viejo. Este error ocurre cuando no se enecuentra el doc del usuario en la base de aamr -->
<!--
<bsvrsp>
    <header>
        <resultado>fallo</resultado>
        <nombre>instancia_08</nombre>
        <fecha>10/11/2017</fecha>
        <hora>11:05:33</hora>
        <request_id>1e35601ebae8484babcf17012d9785a8</request_id>
        <response_id>(1510322512941)</response_id>
        <error>
            <codigo>101015</codigo>
            <mensaje>Clave en blanco, Usuario debe generar clave.</mensaje>
        </error>
    </header>
    <data>
        <usuario>null</usuario>
        <tipo_doc>null</tipo_doc>
        <num_doc>null</num_doc>
        <fec_ult_login>null</fec_ult_login>
    </data>
</bsvrsp>
-->