<?xml version="1.0" encoding="ISO-8859-1"?>
<bsvrsp>
    <header>
        <nombre>corporate_01</nombre>
        <fecha>03092018</fecha>
        <hora>130110</hora>
        <resultado>ok</resultado>
    </header>
    <data>
        <modo>MTA</modo>
        <noperac>000700696L001</noperac>
        <complet>N</complet>
        <cotizac>000000000000000</cotizac>
        <fdocent> </fdocent>
        <clieblu> </clieblu>
        <sucesp> </sucesp>
        <fliqme>0001-01-01</fliqme>
        <finan> </finan>
        <flgapl> </flgapl>
        <fecliqu>0001-01-01</fecliqu>
        <flgviaj>N</flgviaj>
        <flgdmin>N</flgdmin>
        <callbac>N</callbac>
    </data>
</bsvrsp>