<?xml version="1.0" encoding="ISO-8859-1"?>
<bsvrsp>
    <header>
        <nombre>corporate_01</nombre>
        <fecha>27032018</fecha>
        <hora>111555</hora>
        <resultado>ok</resultado>
    </header>
    <data>
        <nropres>0156936404</nropres>
        <opcion>P</opcion>
        <numpre>0156936404</numpre>
        <tipoopc>PRESTAMO</tipoopc>
        <estadopres>VIGENTE</estadopres>
        <tipodoc>04</tipodoc>
        <nrodoc>022381443</nrodoc>
        <totcap>74.796,53</totcap>
        <caporig>162.000,00</caporig>
        <moncanc>78.384,39</moncanc>
        <tasa>3,141660000</tasa>
        <moneda>00</moneda>
        <totint>833,82</totint>
        <totpun>0,00</totpun>
        <totcom>2.243,90</totcom>
        <ivacom>235,60</ivacom>
        <coeficiente>PES</coeficiente>
        <general>
            <rowset>
                <count>1</count>
                <row>
                    <cuota>025</cuota>
                    <fecvto>22/01/2018</fecvto>
                    <estado>2</estado>
                    <capital>5.228,03</capital>
                    <intereses>2.349,85</intereses>
                    <ivaintseg>246,73</ivaintseg>
                    <ivapunit>0,00</ivapunit>
                    <seguro>186,99</seguro>
                    <punitorio>0,00</punitorio>
                    <totcuota>8.011,60</totcuota>
                    <estado_ajuste>B</estado_ajuste>
                </row>
            </rowset>
        </general>
    </data>
</bsvrsp>