<?xml version="1.0" encoding="ISO-8859-1"?>
<bsvrsp>
    <header>
        <nombre>corporate_02</nombre>
        <txid>c1fb3dafe2f14e7aa1e19c458d321ef8</txid>
        <fecha>07092017</fecha>
        <hora>114300</hora>
        <resultado>ok</resultado>
    </header>
    <data>
        <general>
            <rowset>
                <count>1</count>
                <row>
                    <numclien>00198305</numclien>
                    <tipodoc>04</tipodoc>
                    <nrodoc>0000022730746</nrodoc>
                    <priape>VUMEHA</priape>
                    <segape> </segape>
                    <nombre>MARCE NELRAMA</nombre>
                    <clainter> </clainter>
                    <peps> </peps>
                    <tipodockyc>S</tipodockyc>
                    <nrodockyc>S</nrodockyc>
                    <nombrekyc>S</nombrekyc>
                    <priapekyc>S</priapekyc>
                    <domerr>S</domerr>
                    <estcivil>S</estcivil>
                    <conyuge>S</conyuge>
                    <sexo>S</sexo>
                    <fenacimi>S</fenacimi>
                    <pecnacio>S</pecnacio>
                    <tipoact>S</tipoact>
                    <propocup>S</propocup>
                    <ingretot>S</ingretot>
                    <cuit>S</cuit>
                    <control-ofac>S</control-ofac>
                    <volum-estim>00000020000</volum-estim>
                    <transf-ext>N</transf-ext>
                    <transf-dest>N</transf-dest>
                    <repres-legal>N</repres-legal>
                    <datos-kyc>S</datos-kyc>
                    <fec-vto>N</fec-vto>
                    <petckw1a>S</petckw1a>
                    <petckw1b>S</petckw1b>
                    <petckw2>S</petckw2>
                    <petckw3>S</petckw3>
                    <petckw4>S</petckw4>
                    <petckw5>S</petckw5>
                    <petckdj>S</petckdj>
                    <kyc-comp>S</kyc-comp>
                    <cod-ret>02</cod-ret>
                    <cod-msg> </cod-msg>
                </row>
            </rowset>
        </general>
    </data>
</bsvrsp>