<?xml version="1.0" encoding="ISO-8859-1"?>
<bsvrsp>
    <header>
        <nombre>corporate_01</nombre>
        <txid>32d63512-5e55-4a75-8ac7-3ac4dd240ca3</txid>
        <fecha>14082018</fecha>
        <hora>165336</hora>
        <resultado>ok</resultado>
    </header>
    <data>
        <tipodoc>04</tipodoc>
        <nrodoc>0000020420675</nrodoc>
        <nombre>LUCLYJU GEBYAL</nombre>
        <priape>BAREZDU</priape>
        <sexo>M</sexo>
        <indfisj>F</indfisj>
        <fenacim>05021969</fenacim>
        <marcinh>00</marcinh>
        <fecinha>25101996</fecinha>
        <fecreha>03011999</fecreha>
        <fecalre>25101996</fecalre>
        <quiebra> </quiebra>
        <fechape> </fechape>
        <bcra1> </bcra1>
        <bcra2> </bcra2>
        <bcra3> </bcra3>
        <bcra4> </bcra4>
        <inopcam>N</inopcam>
        <fecinop>16072009</fecinop>
        <verdoc> </verdoc>
        <fecvdoc> </fecvdoc>
        <usuvdoc> </usuvdoc>
        <docadu> </docadu>
        <fecdadu> </fecdadu>
        <usudadu> </usudadu>
        <ideadu> </ideadu>
        <feciadu> </feciadu>
        <usuiadu> </usuiadu>
        <inegse> </inegse>
        <fecinse> </fecinse>
        <usuinse> </usuinse>
        <inegco> </inegco>
        <fecinco> </fecinco>
        <usuinco> </usuinco>
        <inegof> </inegof>
        <fecinof> </fecinof>
        <usuinof> </usuinof>
    </data>
</bsvrsp>