<?xml version="1.0" encoding="ISO-8859-1"?>
<bsvrsp>
	<header>
		<resultado>ok</resultado>
		<nombre/>
		<fecha/>
		<hora/>
	</header>
	<data>
		<resp_cod>00</resp_cod>
		<resp_desc>LISTA DEBIN ENCONTRADA</resp_desc>
		<paginas_totales>1</paginas_totales>
		<general>
			<rowset>
				<count>3</count>
				<row>
					<vencimiento>2999-12-31T00:00:00+00:00</vencimiento>
					<vendedor_cuit>20223814434</vendedor_cuit>
					<vendedor_terminal/>
					<vendedor_nombre>m22381443, m22381443</vendedor_nombre>
					<vendedor_cuenta_cbu>0150507801000003364274</vendedor_cuenta_cbu>
					<estado_cod>ERROR ACREDITACION</estado_cod>
					<concepto>ALQ</concepto>
					<vendedor_cuenta_moneda>ARP</vendedor_cuenta_moneda>
					<comprador_cuenta_moneda>ARP</comprador_cuenta_moneda>
					<comprador_cuit>20932822483</comprador_cuit>
					<comprador_nombre>homero10, m93282248</comprador_nombre>
					<comprador_cuenta_cbu>0150507801000003364274</comprador_cuenta_cbu>
					<comprador_cuenta_alias/>
					<debin_id>KLOEJWV9J0EYVED2QMD0GZ</debin_id>
					<importe>1000.0</importe>
					<tipo>TRANSFERENCIA</tipo>
					<devolucion>false</devolucion>
					<id_operacion_original/>
				</row>
				<row>
					<vencimiento>2999-12-31T00:00:00+00:00</vencimiento>
					<vendedor_cuit>20223814434</vendedor_cuit>
					<vendedor_terminal/>
					<vendedor_nombre>m22381443, m22381443</vendedor_nombre>
					<vendedor_cuenta_cbu>0150507801000003364274</vendedor_cuenta_cbu>
					<estado_cod>ERROR DATOS</estado_cod>
					<concepto>ALQ</concepto>
					<vendedor_cuenta_moneda>ARP</vendedor_cuenta_moneda>
					<comprador_cuenta_moneda>ARP</comprador_cuenta_moneda>
					<comprador_cuit>20932822483</comprador_cuit>
					<comprador_nombre>homero10, m93282248</comprador_nombre>
					<comprador_cuenta_cbu>0150507801000003364274</comprador_cuenta_cbu>
					<comprador_cuenta_alias/>
					<debin_id>XJMQKYZ9Q4YW7JV2V50P31</debin_id>
					<importe>1000.0</importe>
					<tipo>TRANSFERENCIA</tipo>
					<devolucion>false</devolucion>
					<id_operacion_original/>
				</row>
				<row>
					<vencimiento>2999-12-31T00:00:00+00:00</vencimiento>
					<vendedor_cuit>20223814434</vendedor_cuit>
					<vendedor_terminal/>
					<vendedor_nombre>m22381443</vendedor_nombre>
					<vendedor_cuenta_cbu>0150507801000003364274</vendedor_cuenta_cbu>
					<estado_cod>ACREDITADO</estado_cod>
					<concepto>ALQ</concepto>
					<vendedor_cuenta_moneda>ARP</vendedor_cuenta_moneda>
					<comprador_cuenta_moneda>ARP</comprador_cuenta_moneda>
					<comprador_cuit>20932822483</comprador_cuit>
					<comprador_nombre>homero10</comprador_nombre>
					<comprador_cuenta_cbu>0150507801000003364274</comprador_cuenta_cbu>
					<comprador_cuenta_alias/>
					<debin_id>YZ6OLMDN3GDMEOK2E7RQ5X</debin_id>
					<importe>1000.0</importe>
					<tipo>TRANSFERENCIA</tipo>
					<devolucion>false</devolucion>
					<id_operacion_original/>
				</row>
			</rowset>
		</general>
	</data>
</bsvrsp>