<?xml version="1.0" encoding="ISO-8859-1"?>
<bsvrsp>
	<header>
		<resultado>ok</resultado>
		<nombre>instancia_15</nombre>
		<fecha>18/06/2018</fecha>
		<hora>18:06:15</hora>
	</header>

	<!-- CREDIN SALDO INSUFICIENTE -->
	<!-- <data>
		<resp_cod>B58</resp_cod>
		<resp_desc>Fondos Insuficientes</resp_desc>
	</data> -->

	<!-- MONEDA DEL VENDEDOR DIFERENTE A LA REQUERIDA -->
	<!-- <data>
		<resp_cod>06</resp_cod>
		<resp_desc>MONEDA DEL VENDEDOR DIFERENTE A LA REQUERIDA</resp_desc>
	</data> -->

	<!-- MONTO SUPERA VALOR MAXIMO/MINIMO PERMITIDO -->
	<!-- <data>
		<resp_cod>03</resp_cod>
		<resp_desc>MONTO SUPERA VALOR MAXIMO/MINIMO PERMITIDO</resp_desc>
	</data> -->

	<!-- NO EXISTE EL CBU VENDEDOR -->
	<!-- <data>
		<resp_cod>01</resp_cod>
		<resp_desc>NO EXISTE EL CBU VENDEDOR</resp_desc>
	</data> -->

	<!-- CUIT MAL FORMULADO DEL VENDEDOR -->
	<!-- <data>
		<resp_cod>09</resp_cod>
		<resp_desc>CUIT MAL FORMULADO DEL VENDEDOR</resp_desc>
	</data> -->

	<!-- CBU DESTINO Y ORIGEN IDENTICOS -->
	<!-- <data>
		<resp_cod>14</resp_cod>
		<resp_desc>CBU DESTINO Y ORIGEN IDENTICOS</resp_desc>
	</data> -->

	<!-- CREDIN CUALQUIER OTRO ERROR -->
	<!-- <data>
		<resp_cod>99</resp_cod>
		<resp_desc>ERROR TIPO DE CUENTA DEL VENDEDOR</resp_desc>
	</data> -->
	
	<!-- CREDIN OK -->
	<data>
		<resp_cod>00</resp_cod>
		<resp_desc>OK</resp_desc>
		<destinatario_cuenta_cbu>0150507801000003364274</destinatario_cuenta_cbu>
		<destinatario_cuit>20223814434</destinatario_cuit>
		<destinatario_tipo_cuenta>11</destinatario_tipo_cuenta>
		<destinatario_nombre>PRUEBA ICBC ALIAS 2</destinatario_nombre>
		<fecha_negocio>20180619</fecha_negocio>
		<importe>0.02</importe>
		<moneda>ARP</moneda>
		<objeto_id>G1LMP68NK6RDLXKNR7OEV4</objeto_id>
		<objeto_tipo>transferencia</objeto_tipo>
	</data>
</bsvrsp>