<?xml version="1.0" encoding="ISO-8859-1"?>
<bsvrsp>
   <header>
       <resultado>ok</resultado>
       <nombre/>
       <fecha/>
       <hora/>
   </header>
   <data>
       <resp_cod>00</resp_cod>
       <item>
           <rowset>
               <count>2</count>
               <row>
                   <nro_operacion>619316</nro_operacion>
                   <referencia>adelantoDepto</referencia>
                   <monto>370000</monto>
                   <estado>R</estado>
                   <destino_cuenta_cbu>0150545001000000804580</destino_cuenta_cbu>
                   <destino_cuenta_titular>Usuario ICBC</destino_cuenta_titular>
                   <fecha>2017-11-21T18:00:00-03:00</fecha>
                   <origen_cuenta_numero>05010132085688</origen_cuenta_numero>
                   <origen_cuenta_tipo>01</origen_cuenta_tipo>
                   <origen_cuenta_moneda>ARP</origen_cuenta_moneda>
                   <origen_cuenta_cbu/>
                   <origen_cuenta_estado>0</origen_cuenta_estado>
                   <origen_cuenta_saldo>0</origen_cuenta_saldo>
                   <origen_cuenta_limite>0</origen_cuenta_limite>
                   <origen_cuenta_intereses>0</origen_cuenta_intereses>
                   <origen_cuenta_cta_especial>false</origen_cuenta_cta_especial>
               </row>
               <row>
                   <nro_operacion>619317</nro_operacion>
                   <referencia>Auto</referencia>
                   <monto>450000</monto>
                   <estado>R</estado>
                   <destino_cuenta_cbu>0150545001000000804580</destino_cuenta_cbu>
                   <destino_cuenta_titular>Usuario ICBC</destino_cuenta_titular>
                   <fecha>2017-11-21T18:00:00-03:00</fecha>
                   <origen_cuenta_numero>05010132085688</origen_cuenta_numero>
                   <origen_cuenta_tipo>01</origen_cuenta_tipo>
                   <origen_cuenta_moneda>ARP</origen_cuenta_moneda>
                   <origen_cuenta_cbu/>
                   <origen_cuenta_estado>0</origen_cuenta_estado>
                   <origen_cuenta_saldo>0</origen_cuenta_saldo>
                   <origen_cuenta_limite>0</origen_cuenta_limite>
                   <origen_cuenta_intereses>0</origen_cuenta_intereses>
                   <origen_cuenta_cta_especial>false</origen_cuenta_cta_especial>
               </row>
           </rowset>
       </item>
   </data>
</bsvrsp>