<?xml version="1.0" encoding="ISO-8859-1" ?>
<bsvrsp>
	<header>
		<nombre>srv_dev</nombre>
				 <fecha>16052014</fecha>
				 <hora>162559</hora>
        	 <resultado>ok</resultado>
	</header>
	<data>
		<historico>
			<rowset>
				<count>5</count>
				<row>
					<agregada_manualmente>false</agregada_manualmente>
					<cantidad_venc/>
					<cta_cbu/>
					<cta_disponible/>
					<cta_interes/>
					<cta_limites/>
					<cta_moneda/>
					<cta_nro/>
					<cta_saldo/>
					<cta_tipo/>
					<desc_pantalla/>
					<desc_usr/>
					<rubro/>
					<tipoEmpresa/>
					<cod_bco_deuda/>
					<email_solicTC_deuda/>
					<fiid_bco_deuda/>
					<info_bco_deuda/>
					<mail_contacto_bco_deuda/>
					<codigo>VIPE</codigo>
					<dato_adic_empresa_deuda/>
					<cant_venc_deuda/>
					<fiid_deuda>VIPE</fiid_deuda>
					<long_clave_max_deuda/>
					<long_clave_min_deuda/>
					<nombre_deuda>Visa</nombre_deuda>
					<orden_deuda>1</orden_deuda>
					<permiteUsd_deuda>true</permiteUsd_deuda>
					<titulo_identificacion_deuda>Numero de tarjeta</titulo_identificacion_deuda>
					<cod_rubro/>
					<info_rubro/>
					<nombre_rubro/>
					<orden_rubro/>
					<tipo_rubro/>
					<tipoRub_rubro/>
					<cod_tipo_empre/>
					<error/>
					<fec_stop_debit/>
					<flag_control_pago_dir/>
					<id_adelanto/>
					<id_cliente>4546578000786507</id_cliente>
					<importe>0</importe>
					<modo_alta>P</modo_alta>
					<cod_moned_deuda>0</cod_moned_deuda>
					<desc_moned_deuda/>
					<nro_factura/>
					<otro_importe>-1</otro_importe>
					<pago_recurr>N</pago_recurr>
					<requiere_coord/>
					<tope_pago_autom/>
					<venc/>
				</row>
				<row>
					<agregada_manualmente>false</agregada_manualmente>
					<cantidad_venc/>
					<cta_cbu/>
					<cta_disponible/>
					<cta_interes/>
					<cta_limites/>
					<cta_moneda/>
					<cta_nro/>
					<cta_saldo/>
					<cta_tipo/>
					<desc_pantalla/>
					<desc_usr/>
					<rubro/>
					<tipoEmpresa/>
					<cod_bco_deuda/>
					<email_solicTC_deuda/>
					<fiid_bco_deuda/>
					<info_bco_deuda/>
					<mail_contacto_bco_deuda/>
					<codigo>VIPE</codigo>
					<dato_adic_empresa_deuda/>
					<cant_venc_deuda/>
					<fiid_deuda>VIPE</fiid_deuda>
					<long_clave_max_deuda/>
					<long_clave_min_deuda/>
					<nombre_deuda>Visa</nombre_deuda>
					<orden_deuda>1</orden_deuda>
					<permiteUsd_deuda>true</permiteUsd_deuda>
					<titulo_identificacion_deuda>Numero de tarjeta</titulo_identificacion_deuda>
					<cod_rubro/>
					<info_rubro/>
					<nombre_rubro/>
					<orden_rubro/>
					<tipo_rubro/>
					<tipoRub_rubro/>
					<cod_tipo_empre/>
					<error/>
					<fec_stop_debit/>
					<flag_control_pago_dir/>
					<id_adelanto/>
					<id_cliente>4546578000786515</id_cliente>
					<importe>0</importe>
					<modo_alta>P</modo_alta>
					<cod_moned_deuda>0</cod_moned_deuda>
					<desc_moned_deuda/>
					<nro_factura/>
					<otro_importe>-1</otro_importe>
					<pago_recurr>N</pago_recurr>
					<requiere_coord/>
					<tope_pago_autom/>
					<venc/>
				</row>
				<row>
					<agregada_manualmente>false</agregada_manualmente>
					<cantidad_venc/>
					<cta_cbu/>
					<cta_disponible/>
					<cta_interes/>
					<cta_limites/>
					<cta_moneda/>
					<cta_nro/>
					<cta_saldo/>
					<cta_tipo/>
					<desc_pantalla/>
					<desc_usr/>
					<rubro/>
					<tipoEmpresa/>
					<cod_bco_deuda/>
					<email_solicTC_deuda/>
					<fiid_bco_deuda/>
					<info_bco_deuda/>
					<mail_contacto_bco_deuda/>
					<codigo>VIPE</codigo>
					<dato_adic_empresa_deuda/>
					<cant_venc_deuda/>
					<fiid_deuda>VIPE</fiid_deuda>
					<long_clave_max_deuda/>
					<long_clave_min_deuda/>
					<nombre_deuda>Visa</nombre_deuda>
					<orden_deuda>1</orden_deuda>
					<permiteUsd_deuda>true</permiteUsd_deuda>
					<titulo_identificacion_deuda>Numero de tarjeta</titulo_identificacion_deuda>
					<cod_rubro/>
					<info_rubro/>
					<nombre_rubro/>
					<orden_rubro/>
					<tipo_rubro/>
					<tipoRub_rubro/>
					<cod_tipo_empre/>
					<error/>
					<fec_stop_debit/>
					<flag_control_pago_dir/>
					<id_adelanto/>
					<id_cliente>4546578000788156</id_cliente>
					<importe>0</importe>
					<modo_alta>P</modo_alta>
					<cod_moned_deuda>0</cod_moned_deuda>
					<desc_moned_deuda/>
					<nro_factura/>
					<otro_importe>-1</otro_importe>
					<pago_recurr>N</pago_recurr>
					<requiere_coord/>
					<tope_pago_autom/>
					<venc/>
				</row>
				
				<row>
					<agregada_manualmente>false</agregada_manualmente>
					<cantidad_venc/>
					<cta_cbu/>
					<cta_disponible/>
					<cta_interes/>
					<cta_limites/>
					<cta_moneda/>
					<cta_nro/>
					<cta_saldo/>
					<cta_tipo/>
					<desc_pantalla/>
					<desc_usr/>
					<rubro/>
					<tipoEmpresa/>
					<cod_bco_deuda>UNCF</cod_bco_deuda>
					<email_solicTC_deuda/>
					<fiid_bco_deuda/>
					<info_bco_deuda/>
					<mail_contacto_bco_deuda/>
					<codigo>UNCF</codigo>
					<dato_adic_empresa_deuda/>
					<cant_venc_deuda>0</cant_venc_deuda>
					<fiid_deuda>UNCF</fiid_deuda>
					<long_clave_max_deuda>8</long_clave_max_deuda>
					<long_clave_min_deuda>6</long_clave_min_deuda>
					<nombre_deuda>UNICEF</nombre_deuda>
					<orden_deuda>1</orden_deuda>
					<permiteUsd_deuda>false</permiteUsd_deuda>
					<titulo_identificacion_deuda>Numero de documento</titulo_identificacion_deuda>
					<cod_rubro>DNCS</cod_rubro>
					<info_rubro/>
					<nombre_rubro/>
					<orden_rubro>0</orden_rubro>
					<tipo_rubro/>
					<tipoRub_rubro/>
					<cod_tipo_empre></cod_tipo_empre>
					<error/>
					<fec_stop_debit/>
					<flag_control_pago_dir/>
					<id_adelanto/>
					<id_cliente>6066749</id_cliente>
					<importe>0</importe>
					<modo_alta>P</modo_alta>
					<cod_moned_deuda>0</cod_moned_deuda>
					<desc_moned_deuda/>
					<nro_factura/>
					<otro_importe>-1</otro_importe>
					<pago_recurr>N</pago_recurr>
					<requiere_coord/>
					<tope_pago_autom/>
					<venc/>
				</row>

				<row>
					<agregada_manualmente>false</agregada_manualmente>
					<cantidad_venc/>
					<cta_cbu/>
					<cta_disponible/>
					<cta_interes/>
					<cta_limites/>
					<cta_moneda/>
					<cta_nro/>
					<cta_saldo/>
					<cta_tipo/>
					<desc_pantalla/>
					<desc_usr/>
					<rubro/>
					<tipoEmpresa/>
					<cod_bco_deuda>REPE</cod_bco_deuda>
					<email_solicTC_deuda/>
					<fiid_bco_deuda/>
					<info_bco_deuda/>
					<mail_contacto_bco_deuda/>
					<codigo>REPE</codigo>
					<dato_adic_empresa_deuda/>
					<cant_venc_deuda>0</cant_venc_deuda>
					<fiid_deuda>UNCF</fiid_deuda>
					<long_clave_max_deuda></long_clave_max_deuda>
					<long_clave_min_deuda></long_clave_min_deuda>
					<nombre_deuda>UNICEF</nombre_deuda>
					<orden_deuda>1</orden_deuda>
					<permiteUsd_deuda>false</permiteUsd_deuda>
					<titulo_identificacion_deuda>Codarea(sin 0)+nro(sin15)</titulo_identificacion_deuda>
					<cod_rubro>RCEL</cod_rubro>
					<info_rubro/>
					<nombre_rubro/>
					<orden_rubro>0</orden_rubro>
					<tipo_rubro/>
					<tipoRub_rubro/>
					<cod_tipo_empre>P</cod_tipo_empre>
					<error/>
					<fec_stop_debit/>
					<flag_control_pago_dir/>
					<id_adelanto/>
					<id_cliente>1164321586</id_cliente>
					<importe>0</importe>
					<modo_alta>P</modo_alta>
					<cod_moned_deuda>0</cod_moned_deuda>
					<desc_moned_deuda/>
					<nro_factura/>
					<otro_importe>-1</otro_importe>
					<pago_recurr>N</pago_recurr>
					<requiere_coord/>
					<tope_pago_autom/>
					<venc/>
				</row>
			
			</rowset>
		</historico>
		<pendiente>
			<rowset>
				<count>13</count>
				<row>
					<agregada_manualmente>false</agregada_manualmente>
					<cantidad_venc>0000232677</cantidad_venc>
					<cta_cbu/>
					<cta_disponible/>
					<cta_interes/>
					<cta_limites/>
					<cta_moneda/>
					<cta_nro/>
					<cta_saldo/>
					<cta_tipo/>
					<desc_pantalla/>
					<desc_usr/>
					<rubro/>
					<tipoEmpresa/>
					<cod_bco_deuda/>
					<email_solicTC_deuda/>
					<fiid_bco_deuda/>
					<info_bco_deuda/>
					<mail_contacto_bco_deuda/>
					<codigo>AYSA</codigo>
					<dato_adic_empresa_deuda/>
					<cant_venc_deuda/>
					<fiid_deuda>AYSA</fiid_deuda>
					<long_clave_max_deuda/>
					<long_clave_min_deuda/>
					<nombre_deuda>AySA</nombre_deuda>
					<orden_deuda>2</orden_deuda>
					<permiteUsd_deuda>false</permiteUsd_deuda>
					<titulo_identificacion_deuda>Clave de pago banelco</titulo_identificacion_deuda>
					<cod_rubro/>
					<info_rubro/>
					<nombre_rubro/>
					<orden_rubro/>
					<tipo_rubro/>
					<tipoRub_rubro/>
					<cod_tipo_empre/>
					<error/>
					<fec_stop_debit/>
					<flag_control_pago_dir/>
					<id_adelanto/>
					<id_cliente>0000232677</id_cliente>
					<importe>277.33</importe>
					<modo_alta>P</modo_alta>
					<cod_moned_deuda>32</cod_moned_deuda>
					<desc_moned_deuda/>
					<nro_factura>60148086109</nro_factura>
					<otro_importe>-1</otro_importe>
					<pago_recurr>N</pago_recurr>
					<requiere_coord/>
					<tope_pago_autom/>
					<venc>2014-07-28T00:00:00-03:00</venc>
				</row>
				<row>
					<agregada_manualmente>false</agregada_manualmente>
					<cantidad_venc>0000232677</cantidad_venc>
					<cta_cbu/>
					<cta_disponible/>
					<cta_interes/>
					<cta_limites/>
					<cta_moneda/>
					<cta_nro/>
					<cta_saldo/>
					<cta_tipo/>
					<desc_pantalla/>
					<desc_usr/>
					<rubro/>
					<tipoEmpresa/>
					<cod_bco_deuda/>
					<email_solicTC_deuda/>
					<fiid_bco_deuda/>
					<info_bco_deuda/>
					<mail_contacto_bco_deuda/>
					<codigo>AYSA</codigo>
					<dato_adic_empresa_deuda/>
					<cant_venc_deuda/>
					<fiid_deuda>AYSA</fiid_deuda>
					<long_clave_max_deuda/>
					<long_clave_min_deuda/>
					<nombre_deuda>AySA</nombre_deuda>
					<orden_deuda>2</orden_deuda>
					<permiteUsd_deuda>false</permiteUsd_deuda>
					<titulo_identificacion_deuda>Clave de pago banelco</titulo_identificacion_deuda>
					<cod_rubro/>
					<info_rubro/>
					<nombre_rubro/>
					<orden_rubro/>
					<tipo_rubro/>
					<tipoRub_rubro/>
					<cod_tipo_empre/>
					<error/>
					<fec_stop_debit/>
					<flag_control_pago_dir/>
					<id_adelanto/>
					<id_cliente>0000232677</id_cliente>
					<importe>278.89</importe>
					<modo_alta>P</modo_alta>
					<cod_moned_deuda>32</cod_moned_deuda>
					<desc_moned_deuda/>
					<nro_factura>60148086110</nro_factura>
					<otro_importe>-1</otro_importe>
					<pago_recurr>N</pago_recurr>
					<requiere_coord/>
					<tope_pago_autom/>
					<venc>2014-07-29T00:00:00-03:00</venc>
				</row>
				<row>
					<agregada_manualmente>false</agregada_manualmente>
					<cantidad_venc>0000232677</cantidad_venc>
					<cta_cbu/>
					<cta_disponible/>
					<cta_interes/>
					<cta_limites/>
					<cta_moneda/>
					<cta_nro/>
					<cta_saldo/>
					<cta_tipo/>
					<desc_pantalla/>
					<desc_usr/>
					<rubro/>
					<tipoEmpresa/>
					<cod_bco_deuda/>
					<email_solicTC_deuda/>
					<fiid_bco_deuda/>
					<info_bco_deuda/>
					<mail_contacto_bco_deuda/>
					<codigo>AYSA</codigo>
					<dato_adic_empresa_deuda/>
					<cant_venc_deuda/>
					<fiid_deuda>AYSA</fiid_deuda>
					<long_clave_max_deuda/>
					<long_clave_min_deuda/>
					<nombre_deuda>AySA</nombre_deuda>
					<orden_deuda>2</orden_deuda>
					<permiteUsd_deuda>false</permiteUsd_deuda>
					<titulo_identificacion_deuda>Clave de pago banelco</titulo_identificacion_deuda>
					<cod_rubro/>
					<info_rubro/>
					<nombre_rubro/>
					<orden_rubro/>
					<tipo_rubro/>
					<tipoRub_rubro/>
					<cod_tipo_empre/>
					<error/>
					<fec_stop_debit/>
					<flag_control_pago_dir/>
					<id_adelanto/>
					<id_cliente>0000232677</id_cliente>
					<importe>265.22</importe>
					<modo_alta>P</modo_alta>
					<cod_moned_deuda>32</cod_moned_deuda>
					<desc_moned_deuda/>
					<nro_factura>60148086111</nro_factura>
					<otro_importe>-1</otro_importe>
					<pago_recurr>N</pago_recurr>
					<requiere_coord/>
					<tope_pago_autom/>
					<venc>2014-07-30T00:00:00-03:00</venc>
				</row>
				<row>
					<agregada_manualmente>false</agregada_manualmente>
					<cantidad_venc>0000232677</cantidad_venc>
					<cta_cbu/>
					<cta_disponible/>
					<cta_interes/>
					<cta_limites/>
					<cta_moneda/>
					<cta_nro/>
					<cta_saldo/>
					<cta_tipo/>
					<desc_pantalla/>
					<desc_usr/>
					<rubro/>
					<tipoEmpresa/>
					<cod_bco_deuda/>
					<email_solicTC_deuda/>
					<fiid_bco_deuda/>
					<info_bco_deuda/>
					<mail_contacto_bco_deuda/>
					<codigo>AYSA</codigo>
					<dato_adic_empresa_deuda/>
					<cant_venc_deuda/>
					<fiid_deuda>AYSA</fiid_deuda>
					<long_clave_max_deuda/>
					<long_clave_min_deuda/>
					<nombre_deuda>AySA</nombre_deuda>
					<orden_deuda>2</orden_deuda>
					<permiteUsd_deuda>false</permiteUsd_deuda>
					<titulo_identificacion_deuda>Clave de pago banelco</titulo_identificacion_deuda>
					<cod_rubro/>
					<info_rubro/>
					<nombre_rubro/>
					<orden_rubro/>
					<tipo_rubro/>
					<tipoRub_rubro/>
					<cod_tipo_empre/>
					<error/>
					<fec_stop_debit/>
					<flag_control_pago_dir/>
					<id_adelanto/>
					<id_cliente>0000232677</id_cliente>
					<importe>266.85</importe>
					<modo_alta>P</modo_alta>
					<cod_moned_deuda>32</cod_moned_deuda>
					<desc_moned_deuda/>
					<nro_factura>60148086112</nro_factura>
					<otro_importe>-1</otro_importe>
					<pago_recurr>N</pago_recurr>
					<requiere_coord/>
					<tope_pago_autom/>
					<venc>2014-07-31T00:00:00-03:00</venc>
				</row>
				<row>
					<agregada_manualmente>false</agregada_manualmente>
					<cantidad_venc>0000232677</cantidad_venc>
					<cta_cbu/>
					<cta_disponible/>
					<cta_interes/>
					<cta_limites/>
					<cta_moneda/>
					<cta_nro/>
					<cta_saldo/>
					<cta_tipo/>
					<desc_pantalla/>
					<desc_usr/>
					<rubro/>
					<tipoEmpresa/>
					<cod_bco_deuda/>
					<email_solicTC_deuda/>
					<fiid_bco_deuda/>
					<info_bco_deuda/>
					<mail_contacto_bco_deuda/>
					<codigo>AYSA</codigo>
					<dato_adic_empresa_deuda/>
					<cant_venc_deuda/>
					<fiid_deuda>AYSA</fiid_deuda>
					<long_clave_max_deuda/>
					<long_clave_min_deuda/>
					<nombre_deuda>AySA</nombre_deuda>
					<orden_deuda>2</orden_deuda>
					<permiteUsd_deuda>false</permiteUsd_deuda>
					<titulo_identificacion_deuda>Clave de pago banelco</titulo_identificacion_deuda>
					<cod_rubro/>
					<info_rubro/>
					<nombre_rubro/>
					<orden_rubro/>
					<tipo_rubro/>
					<tipoRub_rubro/>
					<cod_tipo_empre/>
					<error/>
					<fec_stop_debit/>
					<flag_control_pago_dir/>
					<id_adelanto/>
					<id_cliente>0000232677</id_cliente>
					<importe>265.88</importe>
					<modo_alta>P</modo_alta>
					<cod_moned_deuda>32</cod_moned_deuda>
					<desc_moned_deuda/>
					<nro_factura>60148086113</nro_factura>
					<otro_importe>-1</otro_importe>
					<pago_recurr>N</pago_recurr>
					<requiere_coord/>
					<tope_pago_autom/>
					<venc>2014-08-01T00:00:00-03:00</venc>
				</row>
				<row>
					<agregada_manualmente>false</agregada_manualmente>
					<cantidad_venc>0000232677</cantidad_venc>
					<cta_cbu/>
					<cta_disponible/>
					<cta_interes/>
					<cta_limites/>
					<cta_moneda/>
					<cta_nro/>
					<cta_saldo/>
					<cta_tipo/>
					<desc_pantalla/>
					<desc_usr/>
					<rubro/>
					<tipoEmpresa/>
					<cod_bco_deuda/>
					<email_solicTC_deuda/>
					<fiid_bco_deuda/>
					<info_bco_deuda/>
					<mail_contacto_bco_deuda/>
					<codigo>AYSA</codigo>
					<dato_adic_empresa_deuda/>
					<cant_venc_deuda/>
					<fiid_deuda>AYSA</fiid_deuda>
					<long_clave_max_deuda/>
					<long_clave_min_deuda/>
					<nombre_deuda>AySA</nombre_deuda>
					<orden_deuda>2</orden_deuda>
					<permiteUsd_deuda>false</permiteUsd_deuda>
					<titulo_identificacion_deuda>Clave de pago banelco</titulo_identificacion_deuda>
					<cod_rubro/>
					<info_rubro/>
					<nombre_rubro/>
					<orden_rubro/>
					<tipo_rubro/>
					<tipoRub_rubro/>
					<cod_tipo_empre/>
					<error/>
					<fec_stop_debit/>
					<flag_control_pago_dir/>
					<id_adelanto/>
					<id_cliente>0000232677</id_cliente>
					<importe>253.25</importe>
					<modo_alta>P</modo_alta>
					<cod_moned_deuda>32</cod_moned_deuda>
					<desc_moned_deuda/>
					<nro_factura>60148086114</nro_factura>
					<otro_importe>-1</otro_importe>
					<pago_recurr>N</pago_recurr>
					<requiere_coord/>
					<tope_pago_autom/>
					<venc>2014-08-04T00:00:00-03:00</venc>
				</row>
				<row>
					<agregada_manualmente>false</agregada_manualmente>
					<cantidad_venc>0000232677</cantidad_venc>
					<cta_cbu/>
					<cta_disponible/>
					<cta_interes/>
					<cta_limites/>
					<cta_moneda/>
					<cta_nro/>
					<cta_saldo/>
					<cta_tipo/>
					<desc_pantalla/>
					<desc_usr/>
					<rubro/>
					<tipoEmpresa/>
					<cod_bco_deuda/>
					<email_solicTC_deuda/>
					<fiid_bco_deuda/>
					<info_bco_deuda/>
					<mail_contacto_bco_deuda/>
					<codigo>AYSA</codigo>
					<dato_adic_empresa_deuda/>
					<cant_venc_deuda/>
					<fiid_deuda>AYSA</fiid_deuda>
					<long_clave_max_deuda/>
					<long_clave_min_deuda/>
					<nombre_deuda>AySA</nombre_deuda>
					<orden_deuda>2</orden_deuda>
					<permiteUsd_deuda>false</permiteUsd_deuda>
					<titulo_identificacion_deuda>Clave de pago banelco</titulo_identificacion_deuda>
					<cod_rubro/>
					<info_rubro/>
					<nombre_rubro/>
					<orden_rubro/>
					<tipo_rubro/>
					<tipoRub_rubro/>
					<cod_tipo_empre/>
					<error/>
					<fec_stop_debit/>
					<flag_control_pago_dir/>
					<id_adelanto/>
					<id_cliente>0000232677</id_cliente>
					<importe>250.27</importe>
					<modo_alta>P</modo_alta>
					<cod_moned_deuda>32</cod_moned_deuda>
					<desc_moned_deuda/>
					<nro_factura>60148086115</nro_factura>
					<otro_importe>-1</otro_importe>
					<pago_recurr>N</pago_recurr>
					<requiere_coord/>
					<tope_pago_autom/>
					<venc>2014-08-05T00:00:00-03:00</venc>
				</row>
				<row>
					<agregada_manualmente>false</agregada_manualmente>
					<cantidad_venc>0000232677</cantidad_venc>
					<cta_cbu/>
					<cta_disponible/>
					<cta_interes/>
					<cta_limites/>
					<cta_moneda/>
					<cta_nro/>
					<cta_saldo/>
					<cta_tipo/>
					<desc_pantalla/>
					<desc_usr/>
					<rubro/>
					<tipoEmpresa/>
					<cod_bco_deuda/>
					<email_solicTC_deuda/>
					<fiid_bco_deuda/>
					<info_bco_deuda/>
					<mail_contacto_bco_deuda/>
					<codigo>AYSA</codigo>
					<dato_adic_empresa_deuda/>
					<cant_venc_deuda/>
					<fiid_deuda>AYSA</fiid_deuda>
					<long_clave_max_deuda/>
					<long_clave_min_deuda/>
					<nombre_deuda>AySA</nombre_deuda>
					<orden_deuda>2</orden_deuda>
					<permiteUsd_deuda>false</permiteUsd_deuda>
					<titulo_identificacion_deuda>Clave de pago banelco</titulo_identificacion_deuda>
					<cod_rubro/>
					<info_rubro/>
					<nombre_rubro/>
					<orden_rubro/>
					<tipo_rubro/>
					<tipoRub_rubro/>
					<cod_tipo_empre/>
					<error/>
					<fec_stop_debit/>
					<flag_control_pago_dir/>
					<id_adelanto/>
					<id_cliente>0000232677</id_cliente>
					<importe>245.9</importe>
					<modo_alta>P</modo_alta>
					<cod_moned_deuda>32</cod_moned_deuda>
					<desc_moned_deuda/>
					<nro_factura>60148086116</nro_factura>
					<otro_importe>-1</otro_importe>
					<pago_recurr>N</pago_recurr>
					<requiere_coord/>
					<tope_pago_autom/>
					<venc>2014-08-05T00:00:00-03:00</venc>
				</row>
				<row>
					<agregada_manualmente>false</agregada_manualmente>
					<cantidad_venc>0000232677</cantidad_venc>
					<cta_cbu/>
					<cta_disponible/>
					<cta_interes/>
					<cta_limites/>
					<cta_moneda/>
					<cta_nro/>
					<cta_saldo/>
					<cta_tipo/>
					<desc_pantalla/>
					<desc_usr/>
					<rubro/>
					<tipoEmpresa/>
					<cod_bco_deuda/>
					<email_solicTC_deuda/>
					<fiid_bco_deuda/>
					<info_bco_deuda/>
					<mail_contacto_bco_deuda/>
					<codigo>AYSA</codigo>
					<dato_adic_empresa_deuda/>
					<cant_venc_deuda/>
					<fiid_deuda>AYSA</fiid_deuda>
					<long_clave_max_deuda/>
					<long_clave_min_deuda/>
					<nombre_deuda>AySA</nombre_deuda>
					<orden_deuda>2</orden_deuda>
					<permiteUsd_deuda>false</permiteUsd_deuda>
					<titulo_identificacion_deuda>Clave de pago banelco</titulo_identificacion_deuda>
					<cod_rubro/>
					<info_rubro/>
					<nombre_rubro/>
					<orden_rubro/>
					<tipo_rubro/>
					<tipoRub_rubro/>
					<cod_tipo_empre/>
					<error/>
					<fec_stop_debit/>
					<flag_control_pago_dir/>
					<id_adelanto/>
					<id_cliente>0000232677</id_cliente>
					<importe>238.98</importe>
					<modo_alta>P</modo_alta>
					<cod_moned_deuda>32</cod_moned_deuda>
					<desc_moned_deuda/>
					<nro_factura>60148086117</nro_factura>
					<otro_importe>-1</otro_importe>
					<pago_recurr>N</pago_recurr>
					<requiere_coord/>
					<tope_pago_autom/>
					<venc>2014-08-06T00:00:00-03:00</venc>
				</row>
				<row>
					<agregada_manualmente>false</agregada_manualmente>
					<cantidad_venc>0000232677</cantidad_venc>
					<cta_cbu/>
					<cta_disponible/>
					<cta_interes/>
					<cta_limites/>
					<cta_moneda/>
					<cta_nro/>
					<cta_saldo/>
					<cta_tipo/>
					<desc_pantalla/>
					<desc_usr/>
					<rubro/>
					<tipoEmpresa/>
					<cod_bco_deuda/>
					<email_solicTC_deuda/>
					<fiid_bco_deuda/>
					<info_bco_deuda/>
					<mail_contacto_bco_deuda/>
					<codigo>AYSA</codigo>
					<dato_adic_empresa_deuda/>
					<cant_venc_deuda/>
					<fiid_deuda>AYSA</fiid_deuda>
					<long_clave_max_deuda/>
					<long_clave_min_deuda/>
					<nombre_deuda>AySA</nombre_deuda>
					<orden_deuda>2</orden_deuda>
					<permiteUsd_deuda>false</permiteUsd_deuda>
					<titulo_identificacion_deuda>Clave de pago banelco</titulo_identificacion_deuda>
					<cod_rubro/>
					<info_rubro/>
					<nombre_rubro/>
					<orden_rubro/>
					<tipo_rubro/>
					<tipoRub_rubro/>
					<cod_tipo_empre/>
					<error/>
					<fec_stop_debit/>
					<flag_control_pago_dir/>
					<id_adelanto/>
					<id_cliente>0000232677</id_cliente>
					<importe>239.82</importe>
					<modo_alta>P</modo_alta>
					<cod_moned_deuda>32</cod_moned_deuda>
					<desc_moned_deuda/>
					<nro_factura>60148086118</nro_factura>
					<otro_importe>-1</otro_importe>
					<pago_recurr>N</pago_recurr>
					<requiere_coord/>
					<tope_pago_autom/>
					<venc>2014-08-07T00:00:00-03:00</venc>
				</row>
				<row>
					<agregada_manualmente>false</agregada_manualmente>
					<cantidad_venc>0000232677</cantidad_venc>
					<cta_cbu/>
					<cta_disponible/>
					<cta_interes/>
					<cta_limites/>
					<cta_moneda/>
					<cta_nro/>
					<cta_saldo/>
					<cta_tipo/>
					<desc_pantalla/>
					<desc_usr/>
					<rubro/>
					<tipoEmpresa/>
					<cod_bco_deuda/>
					<email_solicTC_deuda/>
					<fiid_bco_deuda/>
					<info_bco_deuda/>
					<mail_contacto_bco_deuda/>
					<codigo>AYSA</codigo>
					<dato_adic_empresa_deuda/>
					<cant_venc_deuda/>
					<fiid_deuda>AYSA</fiid_deuda>
					<long_clave_max_deuda/>
					<long_clave_min_deuda/>
					<nombre_deuda>AySA</nombre_deuda>
					<orden_deuda>2</orden_deuda>
					<permiteUsd_deuda>false</permiteUsd_deuda>
					<titulo_identificacion_deuda>Clave de pago banelco</titulo_identificacion_deuda>
					<cod_rubro/>
					<info_rubro/>
					<nombre_rubro/>
					<orden_rubro/>
					<tipo_rubro/>
					<tipoRub_rubro/>
					<cod_tipo_empre/>
					<error/>
					<fec_stop_debit/>
					<flag_control_pago_dir/>
					<id_adelanto/>
					<id_cliente>0000232677</id_cliente>
					<importe>228.49</importe>
					<modo_alta>P</modo_alta>
					<cod_moned_deuda>32</cod_moned_deuda>
					<desc_moned_deuda/>
					<nro_factura>60148086119</nro_factura>
					<otro_importe>-1</otro_importe>
					<pago_recurr>N</pago_recurr>
					<requiere_coord/>
					<tope_pago_autom/>
					<venc>2014-08-08T00:00:00-03:00</venc>
				</row>
				<row>
					<agregada_manualmente>false</agregada_manualmente>
					<cantidad_venc>0000232677</cantidad_venc>
					<cta_cbu/>
					<cta_disponible/>
					<cta_interes/>
					<cta_limites/>
					<cta_moneda/>
					<cta_nro/>
					<cta_saldo/>
					<cta_tipo/>
					<desc_pantalla/>
					<desc_usr/>
					<rubro/>
					<tipoEmpresa/>
					<cod_bco_deuda/>
					<email_solicTC_deuda/>
					<fiid_bco_deuda/>
					<info_bco_deuda/>
					<mail_contacto_bco_deuda/>
					<codigo>AYSA</codigo>
					<dato_adic_empresa_deuda/>
					<cant_venc_deuda/>
					<fiid_deuda>AYSA</fiid_deuda>
					<long_clave_max_deuda/>
					<long_clave_min_deuda/>
					<nombre_deuda>AySA</nombre_deuda>
					<orden_deuda>2</orden_deuda>
					<permiteUsd_deuda>false</permiteUsd_deuda>
					<titulo_identificacion_deuda>Clave de pago banelco</titulo_identificacion_deuda>
					<cod_rubro/>
					<info_rubro/>
					<nombre_rubro/>
					<orden_rubro/>
					<tipo_rubro/>
					<tipoRub_rubro/>
					<cod_tipo_empre/>
					<error/>
					<fec_stop_debit/>
					<flag_control_pago_dir/>
					<id_adelanto/>
					<id_cliente>0000232677</id_cliente>
					<importe>226.53</importe>
					<modo_alta>P</modo_alta>
					<cod_moned_deuda>32</cod_moned_deuda>
					<desc_moned_deuda/>
					<nro_factura>60148086120</nro_factura>
					<otro_importe>-1</otro_importe>
					<pago_recurr>N</pago_recurr>
					<requiere_coord/>
					<tope_pago_autom/>
					<venc>2014-08-11T00:00:00-03:00</venc>
				</row>
				<row>
					<agregada_manualmente>false</agregada_manualmente>
					<cantidad_venc>0000232677</cantidad_venc>
					<cta_cbu/>
					<cta_disponible/>
					<cta_interes/>
					<cta_limites/>
					<cta_moneda/>
					<cta_nro/>
					<cta_saldo/>
					<cta_tipo/>
					<desc_pantalla/>
					<desc_usr/>
					<rubro/>
					<tipoEmpresa/>
					<cod_bco_deuda/>
					<email_solicTC_deuda/>
					<fiid_bco_deuda/>
					<info_bco_deuda/>
					<mail_contacto_bco_deuda/>
					<codigo>AYSA</codigo>
					<dato_adic_empresa_deuda/>
					<cant_venc_deuda/>
					<fiid_deuda>AYSA</fiid_deuda>
					<long_clave_max_deuda/>
					<long_clave_min_deuda/>
					<nombre_deuda>AySA</nombre_deuda>
					<orden_deuda>2</orden_deuda>
					<permiteUsd_deuda>false</permiteUsd_deuda>
					<titulo_identificacion_deuda>Clave de pago banelco</titulo_identificacion_deuda>
					<cod_rubro/>
					<info_rubro/>
					<nombre_rubro/>
					<orden_rubro/>
					<tipo_rubro/>
					<tipoRub_rubro/>
					<cod_tipo_empre/>
					<error/>
					<fec_stop_debit/>
					<flag_control_pago_dir/>
					<id_adelanto/>
					<id_cliente>0000232677</id_cliente>
					<importe>222.25</importe>
					<modo_alta>P</modo_alta>
					<cod_moned_deuda>32</cod_moned_deuda>
					<desc_moned_deuda/>
					<nro_factura>60148086121</nro_factura>
					<otro_importe>-1</otro_importe>
					<pago_recurr>N</pago_recurr>
					<requiere_coord/>
					<tope_pago_autom/>
					<venc>2014-08-14T00:00:00-03:00</venc>
				</row>
			</rowset>
		</pendiente>
		
	</data>
</bsvrsp>
